Date,Open,High,Low,Close,Adj Close,Volume
2015-11-06,70.500000,73.400002,67.000000,70.400002,68.967163,22781516
2015-11-09,67.750000,68.000000,66.900002,66.949997,65.587379,10010231
2015-11-10,66.500000,66.500000,64.099998,64.550003,63.236233,10736961
2015-11-13,65.849998,65.849998,63.000000,63.500000,62.207600,6771668
2015-11-16,63.450001,65.500000,62.000000,65.000000,63.677071,5640610
2015-11-17,65.000000,65.900002,64.099998,64.699997,63.383171,4900495
2015-11-18,null,null,null,null,null,null
2015-11-19,null,null,null,null,null,null
2015-11-20,63.549999,66.000000,63.500000,65.199997,63.872997,2689835
2015-11-23,66.400002,66.900002,63.500000,63.799999,62.501492,5389969
2015-11-24,63.500000,64.400002,62.500000,62.950001,61.668793,3965947
2015-11-26,62.900002,63.400002,61.500000,61.650002,60.395252,3270314
2015-11-27,62.250000,62.500000,60.599998,61.000000,59.758480,11891846
2015-11-30,61.000000,61.299999,58.799999,59.099998,57.897148,14279742
2015-12-01,59.500000,61.000000,59.250000,60.000000,58.778831,8080475
2015-12-02,null,null,null,null,null,null
2015-12-03,60.250000,61.000000,60.000000,60.549999,59.317638,1759788
2015-12-04,60.400002,60.950001,60.099998,60.500000,59.268658,2315577
2015-12-07,60.150002,60.900002,59.200001,59.450001,58.240028,2506784
2015-12-08,59.500000,59.700001,57.500000,57.700001,56.525646,5021161
2015-12-09,57.500000,57.750000,54.900002,56.849998,55.692944,3845559
2015-12-10,56.849998,57.450001,54.900002,56.849998,55.692944,4065888
2015-12-11,57.500000,57.900002,55.099998,55.299999,54.174492,2150514
2015-12-14,55.099998,56.000000,54.049999,55.750000,54.615334,2469970
2015-12-15,56.400002,56.400002,55.049999,55.500000,54.370422,1200925
2015-12-16,56.299999,56.700001,55.500000,56.049999,54.909225,2565897
2015-12-17,56.750000,59.799999,56.349998,58.049999,56.868519,4120544
2015-12-18,57.900002,58.799999,56.799999,58.400002,57.211399,1948073
2015-12-21,58.099998,58.500000,57.049999,57.450001,56.280735,2030444
2015-12-22,58.349998,59.500000,57.299999,59.299999,58.093079,3471327
2015-12-23,59.950001,61.450001,59.000000,59.299999,58.093079,3113367
2015-12-24,null,null,null,null,null,null
2015-12-28,null,null,null,null,null,null
2015-12-29,null,null,null,null,null,null
2015-12-30,null,null,null,null,null,null
2015-12-31,null,null,null,null,null,null
2016-01-01,null,null,null,null,null,null
2016-01-04,null,null,null,null,null,null
2016-01-05,null,null,null,null,null,null
2016-01-06,null,null,null,null,null,null
2016-01-07,null,null,null,null,null,null
2016-01-08,null,null,null,null,null,null
2016-01-11,null,null,null,null,null,null
2016-01-12,null,null,null,null,null,null
2016-01-13,null,null,null,null,null,null
2016-01-14,null,null,null,null,null,null
2016-01-15,null,null,null,null,null,null
2016-01-18,null,null,null,null,null,null
2016-01-19,null,null,null,null,null,null
2016-01-20,null,null,null,null,null,null
2016-01-21,null,null,null,null,null,null
2016-01-22,null,null,null,null,null,null
2016-01-25,null,null,null,null,null,null
2016-01-27,null,null,null,null,null,null
2016-01-28,null,null,null,null,null,null
2016-01-29,null,null,null,null,null,null
2016-02-01,null,null,null,null,null,null
2016-02-02,null,null,null,null,null,null
2016-02-03,null,null,null,null,null,null
2016-02-04,null,null,null,null,null,null
2016-02-05,null,null,null,null,null,null
2016-02-08,null,null,null,null,null,null
2016-02-09,null,null,null,null,null,null
2016-02-10,null,null,null,null,null,null
2016-02-11,null,null,null,null,null,null
2016-02-12,null,null,null,null,null,null
2016-02-15,null,null,null,null,null,null
2016-02-16,null,null,null,null,null,null
2016-02-17,null,null,null,null,null,null
2016-02-18,null,null,null,null,null,null
2016-02-19,null,null,null,null,null,null
2016-02-22,null,null,null,null,null,null
2016-02-23,null,null,null,null,null,null
2016-02-24,null,null,null,null,null,null
2016-02-25,null,null,null,null,null,null
2016-02-26,null,null,null,null,null,null
2016-02-29,null,null,null,null,null,null
2016-03-01,null,null,null,null,null,null
2016-03-02,null,null,null,null,null,null
2016-03-03,null,null,null,null,null,null
2016-03-04,null,null,null,null,null,null
2016-03-08,null,null,null,null,null,null
2016-03-09,null,null,null,null,null,null
2016-03-10,null,null,null,null,null,null
2016-03-11,null,null,null,null,null,null
2016-03-14,null,null,null,null,null,null
2016-03-15,null,null,null,null,null,null
2016-03-16,null,null,null,null,null,null
2016-03-17,null,null,null,null,null,null
2016-03-18,null,null,null,null,null,null
2016-03-21,null,null,null,null,null,null
2016-03-22,null,null,null,null,null,null
2016-03-23,null,null,null,null,null,null
2016-03-28,null,null,null,null,null,null
2016-03-29,null,null,null,null,null,null
2016-03-30,null,null,null,null,null,null
2016-03-31,null,null,null,null,null,null
2016-04-01,null,null,null,null,null,null
2016-04-04,null,null,null,null,null,null
2016-04-05,null,null,null,null,null,null
2016-04-06,null,null,null,null,null,null
2016-04-07,null,null,null,null,null,null
2016-04-08,null,null,null,null,null,null
2016-04-11,null,null,null,null,null,null
2016-04-12,null,null,null,null,null,null
2016-04-13,null,null,null,null,null,null
2016-04-18,null,null,null,null,null,null
2016-04-20,null,null,null,null,null,null
2016-04-21,null,null,null,null,null,null
2016-04-22,null,null,null,null,null,null
2016-04-25,null,null,null,null,null,null
2016-04-26,null,null,null,null,null,null
2016-04-27,null,null,null,null,null,null
2016-04-28,null,null,null,null,null,null
2016-04-29,null,null,null,null,null,null
2016-05-02,null,null,null,null,null,null
2016-05-03,null,null,null,null,null,null
2016-05-04,null,null,null,null,null,null
2016-05-05,null,null,null,null,null,null
2016-05-06,null,null,null,null,null,null
2016-05-09,null,null,null,null,null,null
2016-05-10,null,null,null,null,null,null
2016-05-11,null,null,null,null,null,null
2016-05-12,null,null,null,null,null,null
2016-05-13,null,null,null,null,null,null
2016-05-16,null,null,null,null,null,null
2016-05-17,null,null,null,null,null,null
2016-05-18,null,null,null,null,null,null
2016-05-19,null,null,null,null,null,null
2016-05-20,null,null,null,null,null,null
2016-05-23,null,null,null,null,null,null
2016-05-24,null,null,null,null,null,null
2016-05-25,null,null,null,null,null,null
2016-05-26,null,null,null,null,null,null
2016-05-27,null,null,null,null,null,null
2016-05-30,null,null,null,null,null,null
2016-05-31,null,null,null,null,null,null
2016-06-01,null,null,null,null,null,null
2016-06-02,null,null,null,null,null,null
2016-06-03,null,null,null,null,null,null
2016-06-06,null,null,null,null,null,null
2016-06-07,null,null,null,null,null,null
2016-06-08,null,null,null,null,null,null
2016-06-09,null,null,null,null,null,null
2016-06-10,null,null,null,null,null,null
2016-06-13,null,null,null,null,null,null
2016-06-14,null,null,null,null,null,null
2016-06-15,null,null,null,null,null,null
2016-06-16,null,null,null,null,null,null
2016-06-17,null,null,null,null,null,null
2016-06-20,null,null,null,null,null,null
2016-06-21,null,null,null,null,null,null
2016-06-22,null,null,null,null,null,null
2016-06-23,null,null,null,null,null,null
2016-06-24,null,null,null,null,null,null
2016-06-27,null,null,null,null,null,null
2016-06-28,null,null,null,null,null,null
2016-06-29,null,null,null,null,null,null
2016-06-30,null,null,null,null,null,null
2016-07-01,null,null,null,null,null,null
2016-07-04,null,null,null,null,null,null
2016-07-05,null,null,null,null,null,null
2016-07-07,null,null,null,null,null,null
2016-07-08,null,null,null,null,null,null
2016-07-11,null,null,null,null,null,null
2016-07-12,null,null,null,null,null,null
2016-07-13,null,null,null,null,null,null
2016-07-14,null,null,null,null,null,null
2016-07-15,null,null,null,null,null,null
2016-07-18,null,null,null,null,null,null
2016-07-19,null,null,null,null,null,null
2016-07-20,null,null,null,null,null,null
2016-07-21,null,null,null,null,null,null
2016-07-22,null,null,null,null,null,null
2016-07-25,null,null,null,null,null,null
2016-07-26,null,null,null,null,null,null
2016-07-27,null,null,null,null,null,null
2016-07-28,null,null,null,null,null,null
2016-07-29,null,null,null,null,null,null
2016-08-01,null,null,null,null,null,null
2016-08-02,null,null,null,null,null,null
2016-08-03,null,null,null,null,null,null
2016-08-04,null,null,null,null,null,null
2016-08-05,null,null,null,null,null,null
2016-08-08,null,null,null,null,null,null
2016-08-09,null,null,null,null,null,null
2016-08-10,null,null,null,null,null,null
2016-08-11,null,null,null,null,null,null
2016-08-12,null,null,null,null,null,null
2016-08-16,null,null,null,null,null,null
2016-08-17,null,null,null,null,null,null
2016-08-18,null,null,null,null,null,null
2016-08-19,null,null,null,null,null,null
2016-08-22,null,null,null,null,null,null
2016-08-23,null,null,null,null,null,null
2016-08-24,null,null,null,null,null,null
2016-08-25,null,null,null,null,null,null
2016-08-26,null,null,null,null,null,null
2016-08-29,null,null,null,null,null,null
2016-08-30,null,null,null,null,null,null
2016-08-31,null,null,null,null,null,null
2016-09-01,null,null,null,null,null,null
2016-09-02,null,null,null,null,null,null
2016-09-06,null,null,null,null,null,null
2016-09-07,null,null,null,null,null,null
2016-09-08,null,null,null,null,null,null
2016-09-09,null,null,null,null,null,null
2016-09-12,null,null,null,null,null,null
2016-09-14,null,null,null,null,null,null
2016-09-15,null,null,null,null,null,null
2016-09-16,null,null,null,null,null,null
2016-09-19,null,null,null,null,null,null
2016-09-20,null,null,null,null,null,null
2016-09-21,null,null,null,null,null,null
2016-09-22,null,null,null,null,null,null
2016-09-23,null,null,null,null,null,null
2016-09-26,null,null,null,null,null,null
2016-09-27,null,null,null,null,null,null
2016-09-28,null,null,null,null,null,null
2016-09-29,null,null,null,null,null,null
2016-09-30,null,null,null,null,null,null
2016-10-03,null,null,null,null,null,null
2016-10-04,null,null,null,null,null,null
2016-10-05,null,null,null,null,null,null
2016-10-06,null,null,null,null,null,null
2016-10-07,null,null,null,null,null,null
2016-10-10,null,null,null,null,null,null
2016-10-13,null,null,null,null,null,null
2016-10-14,null,null,null,null,null,null
2016-10-17,null,null,null,null,null,null
2016-10-18,null,null,null,null,null,null
2016-10-19,null,null,null,null,null,null
2016-10-20,null,null,null,null,null,null
2016-10-21,null,null,null,null,null,null
2016-10-24,null,null,null,null,null,null
2016-10-25,null,null,null,null,null,null
2016-10-26,null,null,null,null,null,null
2016-10-27,null,null,null,null,null,null
2016-10-28,null,null,null,null,null,null
2016-11-01,null,null,null,null,null,null
2016-11-02,null,null,null,null,null,null
2016-11-03,null,null,null,null,null,null
2016-11-04,null,null,null,null,null,null
2016-11-07,null,null,null,null,null,null
2016-11-08,null,null,null,null,null,null
2016-11-09,null,null,null,null,null,null
2016-11-10,null,null,null,null,null,null
2016-11-11,null,null,null,null,null,null
2016-11-15,null,null,null,null,null,null
2016-11-16,null,null,null,null,null,null
2016-11-17,null,null,null,null,null,null
2016-11-18,null,null,null,null,null,null
2016-11-21,null,null,null,null,null,null
2016-11-22,null,null,null,null,null,null
2016-11-23,null,null,null,null,null,null
2016-11-24,null,null,null,null,null,null
2016-11-25,null,null,null,null,null,null
2016-11-28,null,null,null,null,null,null
2016-11-29,null,null,null,null,null,null
2016-11-30,null,null,null,null,null,null
2016-12-01,null,null,null,null,null,null
2016-12-02,null,null,null,null,null,null
2016-12-05,null,null,null,null,null,null
2016-12-06,null,null,null,null,null,null
2016-12-07,null,null,null,null,null,null
2016-12-08,null,null,null,null,null,null
2016-12-09,null,null,null,null,null,null
2016-12-12,null,null,null,null,null,null
2016-12-13,null,null,null,null,null,null
2016-12-14,null,null,null,null,null,null
2016-12-15,null,null,null,null,null,null
2016-12-16,null,null,null,null,null,null
2016-12-19,null,null,null,null,null,null
2016-12-20,null,null,null,null,null,null
2016-12-21,null,null,null,null,null,null
2016-12-22,null,null,null,null,null,null
2016-12-23,null,null,null,null,null,null
2016-12-26,null,null,null,null,null,null
2016-12-27,null,null,null,null,null,null
2016-12-28,null,null,null,null,null,null
2016-12-29,null,null,null,null,null,null
2016-12-30,null,null,null,null,null,null
2017-01-02,null,null,null,null,null,null
2017-01-03,null,null,null,null,null,null
2017-01-04,null,null,null,null,null,null
2017-01-05,null,null,null,null,null,null
2017-01-06,null,null,null,null,null,null
2017-01-09,null,null,null,null,null,null
2017-01-10,null,null,null,null,null,null
2017-01-11,null,null,null,null,null,null
2017-01-12,null,null,null,null,null,null
2017-01-13,null,null,null,null,null,null
2017-01-16,null,null,null,null,null,null
2017-01-17,null,null,null,null,null,null
2017-01-18,null,null,null,null,null,null
2017-01-19,null,null,null,null,null,null
2017-01-20,null,null,null,null,null,null
2017-01-23,null,null,null,null,null,null
2017-01-24,null,null,null,null,null,null
2017-01-25,null,null,null,null,null,null
2017-01-27,null,null,null,null,null,null
2017-01-30,null,null,null,null,null,null
2017-01-31,null,null,null,null,null,null
2017-02-01,null,null,null,null,null,null
2017-02-02,null,null,null,null,null,null
2017-02-03,null,null,null,null,null,null
2017-02-06,null,null,null,null,null,null
2017-02-07,null,null,null,null,null,null
2017-02-08,null,null,null,null,null,null
2017-02-09,null,null,null,null,null,null
2017-02-10,null,null,null,null,null,null
2017-02-13,null,null,null,null,null,null
2017-02-14,null,null,null,null,null,null
2017-02-15,null,null,null,null,null,null
2017-02-16,null,null,null,null,null,null
2017-02-17,null,null,null,null,null,null
2017-02-20,null,null,null,null,null,null
2017-02-21,null,null,null,null,null,null
2017-02-22,null,null,null,null,null,null
2017-02-23,null,null,null,null,null,null
2017-02-27,null,null,null,null,null,null
2017-02-28,null,null,null,null,null,null
2017-03-01,null,null,null,null,null,null
2017-03-02,null,null,null,null,null,null
2017-03-03,null,null,null,null,null,null
2017-03-06,null,null,null,null,null,null
2017-03-07,null,null,null,null,null,null
2017-03-08,null,null,null,null,null,null
2017-03-09,null,null,null,null,null,null
2017-03-10,null,null,null,null,null,null
2017-03-14,null,null,null,null,null,null
2017-03-15,null,null,null,null,null,null
2017-03-16,null,null,null,null,null,null
2017-03-17,null,null,null,null,null,null
2017-03-20,null,null,null,null,null,null
2017-03-21,null,null,null,null,null,null
2017-03-22,null,null,null,null,null,null
2017-03-23,null,null,null,null,null,null
2017-03-24,null,null,null,null,null,null
2017-03-27,null,null,null,null,null,null
2017-03-28,null,null,null,null,null,null
2017-03-29,null,null,null,null,null,null
2017-03-30,null,null,null,null,null,null
2017-03-31,null,null,null,null,null,null
2017-04-03,null,null,null,null,null,null
2017-04-05,null,null,null,null,null,null
2017-04-06,null,null,null,null,null,null
2017-04-07,null,null,null,null,null,null
2017-04-10,null,null,null,null,null,null
2017-04-11,null,null,null,null,null,null
2017-04-12,null,null,null,null,null,null
2017-04-13,null,null,null,null,null,null
2017-04-17,null,null,null,null,null,null
2017-04-18,null,null,null,null,null,null
2017-04-19,null,null,null,null,null,null
2017-04-20,null,null,null,null,null,null
2017-04-21,null,null,null,null,null,null
2017-04-24,null,null,null,null,null,null
2017-04-25,null,null,null,null,null,null
2017-04-26,null,null,null,null,null,null
2017-04-27,null,null,null,null,null,null
2017-04-28,null,null,null,null,null,null
2017-05-02,null,null,null,null,null,null
2017-05-03,null,null,null,null,null,null
2017-05-04,null,null,null,null,null,null
2017-05-05,null,null,null,null,null,null
2017-05-08,null,null,null,null,null,null
2017-05-09,null,null,null,null,null,null
2017-05-10,null,null,null,null,null,null
2017-05-11,null,null,null,null,null,null
2017-05-12,null,null,null,null,null,null
2017-05-15,null,null,null,null,null,null
2017-05-16,null,null,null,null,null,null
2017-05-17,null,null,null,null,null,null
2017-05-18,null,null,null,null,null,null
2017-05-19,null,null,null,null,null,null
2017-05-22,null,null,null,null,null,null
2017-05-23,null,null,null,null,null,null
2017-05-24,null,null,null,null,null,null
2017-05-25,null,null,null,null,null,null
2017-05-26,null,null,null,null,null,null
2017-05-29,null,null,null,null,null,null
2017-05-30,null,null,null,null,null,null
2017-05-31,null,null,null,null,null,null
2017-06-01,null,null,null,null,null,null
2017-06-02,null,null,null,null,null,null
2017-06-05,null,null,null,null,null,null
2017-06-06,null,null,null,null,null,null
2017-06-07,null,null,null,null,null,null
2017-06-08,null,null,null,null,null,null
2017-06-09,null,null,null,null,null,null
2017-06-12,null,null,null,null,null,null
2017-06-13,null,null,null,null,null,null
2017-06-14,null,null,null,null,null,null
2017-06-15,null,null,null,null,null,null
2017-06-16,null,null,null,null,null,null
2017-06-19,null,null,null,null,null,null
2017-06-20,null,null,null,null,null,null
2017-06-21,null,null,null,null,null,null
2017-06-22,null,null,null,null,null,null
2017-06-23,null,null,null,null,null,null
2017-06-27,null,null,null,null,null,null
2017-06-28,null,null,null,null,null,null
2017-06-29,null,null,null,null,null,null
2017-06-30,null,null,null,null,null,null
2017-07-03,null,null,null,null,null,null
2017-07-04,null,null,null,null,null,null
2017-07-05,null,null,null,null,null,null
2017-07-06,null,null,null,null,null,null
2017-07-07,null,null,null,null,null,null
2017-07-10,null,null,null,null,null,null
2017-07-11,null,null,null,null,null,null
2017-07-12,null,null,null,null,null,null
2017-07-13,null,null,null,null,null,null
2017-07-14,null,null,null,null,null,null
2017-07-17,null,null,null,null,null,null
2017-07-18,null,null,null,null,null,null
2017-07-19,null,null,null,null,null,null
2017-07-20,null,null,null,null,null,null
2017-07-21,null,null,null,null,null,null
2017-07-24,null,null,null,null,null,null
2017-07-25,null,null,null,null,null,null
2017-07-26,null,null,null,null,null,null
2017-07-27,null,null,null,null,null,null
2017-07-28,null,null,null,null,null,null
2017-07-31,null,null,null,null,null,null
2017-08-01,null,null,null,null,null,null
2017-08-02,null,null,null,null,null,null
2017-08-03,null,null,null,null,null,null
2017-08-04,null,null,null,null,null,null
2017-08-07,null,null,null,null,null,null
2017-08-08,null,null,null,null,null,null
2017-08-09,null,null,null,null,null,null
2017-08-10,null,null,null,null,null,null
2017-08-11,null,null,null,null,null,null
2017-08-14,null,null,null,null,null,null
2017-08-16,null,null,null,null,null,null
2017-08-17,null,null,null,null,null,null
2017-08-18,null,null,null,null,null,null
2017-08-21,null,null,null,null,null,null
2017-08-22,null,null,null,null,null,null
2017-08-23,null,null,null,null,null,null
2017-08-24,null,null,null,null,null,null
2017-08-28,null,null,null,null,null,null
2017-08-29,null,null,null,null,null,null
2017-08-30,null,null,null,null,null,null
2017-08-31,null,null,null,null,null,null
2017-09-01,null,null,null,null,null,null
2017-09-04,null,null,null,null,null,null
2017-09-05,null,null,null,null,null,null
2017-09-06,null,null,null,null,null,null
2017-09-07,null,null,null,null,null,null
2017-09-08,null,null,null,null,null,null
2017-09-11,null,null,null,null,null,null
2017-09-12,null,null,null,null,null,null
2017-09-13,null,null,null,null,null,null
2017-09-14,null,null,null,null,null,null
2017-09-15,null,null,null,null,null,null
2017-09-18,null,null,null,null,null,null
2017-09-19,null,null,null,null,null,null
2017-09-20,null,null,null,null,null,null
2017-09-21,null,null,null,null,null,null
2017-09-22,null,null,null,null,null,null
2017-09-25,null,null,null,null,null,null
2017-09-26,null,null,null,null,null,null
2017-09-27,null,null,null,null,null,null
2017-09-28,null,null,null,null,null,null
2017-09-29,null,null,null,null,null,null
2017-10-03,null,null,null,null,null,null
2017-10-04,null,null,null,null,null,null
2017-10-05,null,null,null,null,null,null
2017-10-06,null,null,null,null,null,null
2017-10-09,null,null,null,null,null,null
2017-10-10,null,null,null,null,null,null
2017-10-11,null,null,null,null,null,null
2017-10-12,null,null,null,null,null,null
2017-10-13,null,null,null,null,null,null
2017-10-16,null,null,null,null,null,null
2017-10-17,null,null,null,null,null,null
2017-10-18,null,null,null,null,null,null
2017-10-19,null,null,null,null,null,null
2017-10-23,null,null,null,null,null,null
2017-10-24,null,null,null,null,null,null
2017-10-25,null,null,null,null,null,null
2017-10-26,null,null,null,null,null,null
2017-10-27,null,null,null,null,null,null
2017-10-30,null,null,null,null,null,null
2017-10-31,null,null,null,null,null,null
2017-11-01,null,null,null,null,null,null
2017-11-02,null,null,null,null,null,null
2017-11-03,null,null,null,null,null,null
2017-11-06,null,null,null,null,null,null
2017-11-07,null,null,null,null,null,null
2017-11-08,null,null,null,null,null,null
2017-11-09,null,null,null,null,null,null
2017-11-10,null,null,null,null,null,null
2017-11-13,null,null,null,null,null,null
2017-11-14,null,null,null,null,null,null
2017-11-15,null,null,null,null,null,null
2017-11-16,null,null,null,null,null,null
2017-11-17,null,null,null,null,null,null
2017-11-20,null,null,null,null,null,null
2017-11-21,null,null,null,null,null,null
2017-11-22,null,null,null,null,null,null
2017-11-23,null,null,null,null,null,null
2017-11-24,null,null,null,null,null,null
2017-11-27,null,null,null,null,null,null
2017-11-28,null,null,null,null,null,null
2017-11-29,null,null,null,null,null,null
2017-11-30,null,null,null,null,null,null
2017-12-01,null,null,null,null,null,null
2017-12-04,null,null,null,null,null,null
2017-12-05,null,null,null,null,null,null
2017-12-06,null,null,null,null,null,null
2017-12-07,null,null,null,null,null,null
2017-12-08,null,null,null,null,null,null
2017-12-11,null,null,null,null,null,null
2017-12-12,null,null,null,null,null,null
2017-12-13,null,null,null,null,null,null
2017-12-14,null,null,null,null,null,null
2017-12-15,null,null,null,null,null,null
2017-12-18,null,null,null,null,null,null
2017-12-19,null,null,null,null,null,null
2017-12-20,null,null,null,null,null,null
2017-12-21,null,null,null,null,null,null
2017-12-22,null,null,null,null,null,null
2017-12-26,null,null,null,null,null,null
2017-12-27,null,null,null,null,null,null
2017-12-28,null,null,null,null,null,null
2017-12-29,null,null,null,null,null,null
2018-01-01,null,null,null,null,null,null
2018-01-02,null,null,null,null,null,null
2018-01-03,null,null,null,null,null,null
2018-01-04,null,null,null,null,null,null
2018-01-05,null,null,null,null,null,null
2018-01-08,null,null,null,null,null,null
2018-01-09,null,null,null,null,null,null
2018-01-10,null,null,null,null,null,null
2018-01-11,null,null,null,null,null,null
2018-01-12,null,null,null,null,null,null
2018-01-15,null,null,null,null,null,null
2018-01-16,null,null,null,null,null,null
2018-01-17,null,null,null,null,null,null
2018-01-18,null,null,null,null,null,null
2018-01-19,null,null,null,null,null,null
2018-01-22,null,null,null,null,null,null
2018-01-23,null,null,null,null,null,null
2018-01-24,null,null,null,null,null,null
2018-01-25,null,null,null,null,null,null
2018-01-29,null,null,null,null,null,null
2018-01-30,null,null,null,null,null,null
2018-01-31,null,null,null,null,null,null
2018-02-01,null,null,null,null,null,null
2018-02-02,null,null,null,null,null,null
2018-02-05,null,null,null,null,null,null
2018-02-06,50.000000,51.900002,49.500000,51.299999,50.255901,13732615
2018-02-07,null,null,null,null,null,null
2018-02-08,null,null,null,null,null,null
2018-02-09,null,null,null,null,null,null
2018-02-12,null,null,null,null,null,null
2018-02-14,null,null,null,null,null,null
2018-02-15,null,null,null,null,null,null
2018-02-16,null,null,null,null,null,null
2018-02-19,null,null,null,null,null,null
2018-02-20,null,null,null,null,null,null
2018-02-21,null,null,null,null,null,null
2018-02-22,null,null,null,null,null,null
2018-02-23,null,null,null,null,null,null
2018-02-26,null,null,null,null,null,null
2018-02-27,null,null,null,null,null,null
2018-02-28,null,null,null,null,null,null
2018-03-01,null,null,null,null,null,null
2018-03-05,null,null,null,null,null,null
2018-03-06,51.200001,51.500000,49.900002,50.150002,49.129311,3764846
2018-03-07,null,null,null,null,null,null
2018-03-08,null,null,null,null,null,null
2018-03-09,null,null,null,null,null,null
2018-03-12,null,null,null,null,null,null
2018-03-13,49.750000,50.599998,49.599998,50.150002,49.129311,4983558
2018-03-14,50.000000,50.650002,49.849998,50.299999,49.276253,9769250
2018-03-15,50.349998,50.599998,50.049999,50.250000,49.227272,6536228
2018-03-16,50.599998,50.799999,50.049999,50.200001,49.178291,11275471
2018-03-19,50.299999,50.549999,49.150002,49.349998,48.345589,5044535
2018-03-20,49.099998,50.049999,49.000000,49.250000,48.247627,4767934
2018-03-21,49.450001,50.049999,49.250000,49.299999,48.296608,3564759
2018-03-22,49.349998,49.900002,49.000000,49.099998,48.100677,5312705
2018-03-23,48.049999,48.549999,47.400002,47.750000,46.778156,12347434
2018-03-26,47.750000,47.950001,47.150002,47.500000,46.533241,14745730
2018-03-27,48.700001,49.450001,48.099998,48.750000,47.757801,15376169
2018-03-28,48.500000,49.200001,47.200001,47.349998,46.386295,11112846
2018-04-02,48.200001,48.299999,47.549999,47.950001,46.974087,6476289
2018-04-03,48.099998,48.900002,47.700001,48.750000,47.757801,4690349
2018-04-04,49.049999,49.400002,48.049999,48.250000,47.267979,5579913
2018-04-05,48.849998,49.950001,48.599998,49.500000,48.492538,6800298
2018-04-06,49.750000,50.049999,49.299999,49.849998,48.835411,6249655
2018-04-09,50.150002,51.049999,49.950001,50.349998,49.325237,7027612
2018-04-10,50.650002,50.650002,49.150002,49.599998,48.590500,6534470
2018-04-11,49.799999,49.799999,48.750000,49.400002,48.394573,5119336
2018-04-12,49.299999,49.299999,48.650002,48.900002,47.904751,3788537
2018-04-13,49.150002,49.349998,48.799999,48.950001,47.953732,3468311
2018-04-16,48.599998,49.400002,48.500000,49.049999,48.051697,2890445
2018-04-17,49.299999,49.650002,49.000000,49.150002,48.149662,2904195
2018-04-18,49.349998,50.049999,49.049999,49.450001,48.443554,5777892
2018-04-19,49.500000,49.549999,49.099998,49.349998,48.345589,2572108
2018-04-20,49.349998,49.400002,48.450001,48.650002,47.659840,3593363
2018-04-23,48.799999,49.250000,48.299999,48.500000,47.512890,5367087
2018-04-24,48.500000,48.650002,47.599998,47.799999,46.827137,6382402
2018-04-25,48.200001,48.400002,47.099998,47.400002,46.435280,8002374
2018-04-26,47.750000,47.900002,47.000000,47.200001,46.239349,12010379
2018-04-27,47.400002,48.700001,47.349998,47.950001,46.974087,10088314
2018-04-30,48.000000,48.450001,47.799999,48.349998,47.365940,7170063
2018-05-02,48.250000,48.599998,47.549999,47.799999,46.827137,7264639
2018-05-03,47.900002,47.900002,46.599998,46.750000,45.798508,8835739
2018-05-04,46.500000,47.150002,46.200001,46.400002,45.455631,14673745
2018-05-07,46.700001,46.750000,45.650002,45.849998,44.916824,5165742
2018-05-08,46.000000,46.400002,45.450001,45.549999,44.622929,7771242
2018-05-09,45.750000,45.950001,45.250000,45.400002,44.475986,3818007
2018-05-10,45.500000,45.599998,43.549999,43.700001,42.810585,12596470
2018-05-11,43.849998,44.700001,43.349998,43.900002,43.006516,7116447
2018-05-14,44.000000,44.150002,42.200001,42.299999,41.439075,9500187
2018-05-15,42.299999,42.599998,40.500000,41.000000,40.165535,24580216
2018-05-16,40.750000,41.650002,40.400002,41.400002,40.557396,12575453
2018-05-17,41.549999,42.400002,41.200001,42.200001,41.341114,10114845
2018-05-18,42.500000,42.500000,40.700001,41.000000,40.165535,9845560
2018-05-21,41.200001,41.400002,39.849998,40.250000,39.430801,6030983
2018-05-22,40.700001,41.700001,39.900002,41.299999,40.459431,7571870
2018-05-23,41.349998,41.349998,40.349998,40.450001,39.626732,4737524
2018-05-24,40.650002,40.650002,39.450001,40.049999,39.234871,5615542
2018-05-25,39.900002,41.049999,39.750000,40.849998,40.018589,8650285
2018-05-28,41.250000,42.400002,40.900002,42.099998,41.243145,10617865
2018-05-29,42.250000,42.400002,40.750000,40.849998,40.018589,9655468
2018-05-30,40.450001,40.599998,39.900002,40.049999,39.234871,12789344
2018-05-31,40.200001,41.400002,39.400002,40.700001,39.871643,167774948
2018-06-01,40.900002,42.000000,40.500000,40.750000,39.920624,23193962
2018-06-04,40.849998,41.000000,38.799999,39.150002,38.353191,17642107
2018-06-05,39.099998,39.200001,37.599998,38.349998,37.569469,13819938
2018-06-06,39.549999,41.549999,38.950001,41.000000,40.165535,40807173
2018-06-07,41.650002,42.549999,41.299999,42.049999,41.194164,17309822
2018-06-08,41.950001,42.349998,41.500000,41.900002,41.047218,6699914
2018-06-11,41.849998,43.000000,41.349998,42.150002,41.292133,10525143
2018-06-12,42.400002,43.250000,42.000000,42.950001,42.075848,14516588
2018-06-13,43.200001,44.349998,42.900002,43.750000,42.859566,11565781
2018-06-14,43.750000,44.349998,43.400002,44.150002,43.251427,13493630
2018-06-15,44.250000,44.599998,42.950001,43.250000,42.369743,18953342
2018-06-18,43.349998,43.700001,41.849998,42.400002,41.537045,16547968
2018-06-19,42.200001,42.200001,41.000000,41.150002,40.312485,7183132
2018-06-20,41.049999,42.450001,41.049999,42.200001,41.341114,8515031
2018-06-21,42.299999,42.750000,42.099998,42.500000,41.635006,24126937
2018-06-22,42.250000,42.400002,41.400002,42.049999,41.194164,20975851
2018-06-25,42.200001,42.500000,41.500000,42.250000,41.390095,13476120
2018-06-26,41.750000,42.000000,41.250000,41.700001,40.851292,7210132
2018-06-27,41.700001,41.700001,40.299999,40.950001,40.116554,14606790
2018-06-28,40.900002,41.150002,38.799999,39.299999,38.500134,77656518
2018-06-29,39.250000,39.950001,38.750000,38.849998,38.059292,11119123
2018-07-02,39.049999,39.299999,38.349998,38.599998,37.814381,11955346
2018-07-03,38.700001,39.650002,38.349998,39.200001,38.402172,16280684
2018-07-04,39.200001,39.849998,38.900002,39.400002,38.598103,13407190
2018-07-05,39.549999,39.549999,38.250000,38.349998,37.569469,7371817
2018-07-06,38.250000,39.200001,37.849998,38.900002,38.108280,11028599
2018-07-09,39.099998,39.400002,38.599998,38.900002,38.108280,4114223
2018-07-10,39.650002,39.900002,39.250000,39.450001,38.647083,8792486
2018-07-11,39.400002,40.200001,39.099998,39.450001,38.647083,13409997
2018-07-12,39.650002,40.000000,38.950001,39.200001,38.402172,4918502
2018-07-13,39.200001,39.400002,37.849998,38.049999,37.275578,6559262
2018-07-16,38.150002,38.250000,35.799999,36.099998,35.365265,8338794
2018-07-17,36.250000,37.900002,35.799999,37.450001,36.687790,12745545
2018-07-18,37.750000,38.049999,36.049999,36.849998,36.099998,7825523
2018-07-19,37.000000,37.500000,36.549999,36.950001,36.197964,6445150
2018-07-20,37.000000,37.150002,36.400002,36.849998,36.099998,5426469
2018-07-23,36.549999,38.099998,36.400002,37.700001,37.700001,8418760
2018-07-24,38.000000,39.000000,37.599998,38.700001,38.700001,10106658
2018-07-25,39.000000,39.400002,38.150002,38.400002,38.400002,7479586
2018-07-26,38.500000,38.799999,38.049999,38.200001,38.200001,11928694
2018-07-27,38.250000,39.750000,38.250000,39.299999,39.299999,8815820
2018-07-30,39.549999,41.950001,39.400002,41.299999,41.299999,19993252
2018-07-31,41.400002,41.599998,39.750000,40.049999,40.049999,13044122
2018-08-01,39.950001,40.599998,39.250000,39.549999,39.549999,7866873
2018-08-02,39.650002,40.500000,38.799999,40.099998,40.099998,10121383
2018-08-03,40.900002,41.400002,40.099998,41.150002,41.150002,12608673
2018-08-06,41.599998,42.750000,41.250000,41.500000,41.500000,15908977
2018-08-07,41.599998,42.099998,41.349998,41.450001,41.450001,10483090
2018-08-08,41.549999,41.849998,40.799999,41.049999,41.049999,8970742
2018-08-09,41.400002,43.200001,40.799999,42.799999,42.799999,13181967
2018-08-10,43.299999,43.900002,42.799999,43.400002,43.400002,26382508
2018-08-13,43.000000,44.900002,42.500000,44.599998,44.599998,13120703
2018-08-14,44.799999,45.150002,43.950001,44.549999,44.549999,12291264
2018-08-16,44.349998,45.700001,43.599998,45.349998,45.349998,12950065
2018-08-17,45.500000,46.799999,45.500000,46.599998,46.599998,13641543
2018-08-20,47.000000,48.150002,46.700001,47.900002,47.900002,14828155
2018-08-21,48.250000,48.349998,46.700001,47.099998,47.099998,13087261
2018-08-23,47.150002,48.150002,46.599998,47.299999,47.299999,7053013
2018-08-24,47.349998,47.500000,46.650002,46.849998,46.849998,5688265
2018-08-27,47.000000,48.000000,47.000000,47.200001,47.200001,7575253
2018-08-28,47.450001,47.750000,46.750000,47.450001,47.450001,6045956
2018-08-29,47.500000,48.750000,47.150002,48.250000,48.250000,9741175
2018-08-30,48.450001,49.250000,48.099998,48.549999,48.549999,14851063
2018-08-31,49.049999,49.549999,47.250000,47.599998,47.599998,13678484
2018-09-03,47.950001,48.849998,47.599998,47.900002,47.900002,6484207
2018-09-04,48.150002,48.150002,44.650002,44.950001,44.950001,13628779
2018-09-05,44.950001,45.500000,43.650002,44.849998,44.849998,9884978
2018-09-06,45.150002,45.400002,44.450001,44.900002,44.900002,12803268
2018-09-07,45.000000,46.099998,44.299999,45.750000,45.750000,7265846
2018-09-10,45.900002,45.900002,44.599998,44.799999,44.799999,5812904
2018-09-11,44.849998,45.150002,43.700001,43.900002,43.900002,5871242
2018-09-12,44.049999,44.049999,42.599998,43.650002,43.650002,7154683
2018-09-14,44.099998,44.950001,43.849998,44.849998,44.849998,5453625
2018-09-17,44.450001,44.950001,44.000000,44.250000,44.250000,9375394
2018-09-18,44.400002,45.150002,43.200001,43.849998,43.849998,18304551
2018-09-19,43.950001,44.099998,42.750000,43.299999,43.299999,5424930
2018-09-21,43.650002,43.849998,39.000000,40.500000,40.500000,19772777
2018-09-24,40.000000,40.450001,38.250000,38.799999,38.799999,13414112
2018-09-25,38.200001,39.000000,36.750000,37.950001,37.950001,16952152
2018-09-26,38.400002,38.900002,37.650002,38.250000,38.250000,8622751
2018-09-27,38.400002,38.400002,36.549999,36.650002,36.650002,19023312
2018-09-28,37.099998,37.250000,35.799999,36.299999,36.299999,13288791
2018-10-01,36.299999,37.500000,35.200001,37.349998,37.349998,12190274
2018-10-03,37.150002,38.650002,36.950001,37.500000,37.500000,9621471
2018-10-04,36.900002,37.700001,36.000000,36.700001,36.700001,10622387
2018-10-05,36.549999,36.849998,35.000000,35.349998,35.349998,12340537
2018-10-08,35.450001,35.549999,32.700001,33.750000,33.750000,18405101
2018-10-09,33.849998,34.299999,32.750000,33.599998,33.599998,13675803
2018-10-10,33.599998,36.099998,33.599998,35.900002,35.900002,10258310
2018-10-11,34.599998,35.849998,33.950001,35.150002,35.150002,10233735
2018-10-12,35.500000,36.750000,35.500000,36.500000,36.500000,9434139
2018-10-15,36.900002,37.099998,35.799999,36.099998,36.099998,8978162
2018-10-16,36.299999,37.000000,35.799999,36.299999,36.299999,9045291
2018-10-17,36.599998,36.900002,34.849998,35.099998,35.099998,11719302
2018-10-19,34.150002,35.599998,34.150002,35.349998,35.349998,11550247
2018-10-22,35.849998,35.849998,34.599998,34.799999,34.799999,6022743
2018-10-23,34.500000,35.000000,33.750000,34.400002,34.400002,6858185
2018-10-24,34.900002,35.549999,34.500000,35.250000,35.250000,10876622
2018-10-25,34.549999,35.349998,33.900002,34.049999,34.049999,13753219
2018-10-26,34.250000,34.250000,33.000000,33.349998,33.349998,11691804
2018-10-29,33.750000,34.500000,32.950001,34.250000,34.250000,8103927
2018-10-30,34.299999,35.200001,34.250000,34.650002,34.650002,8943454
2018-10-31,34.849998,35.049999,33.599998,34.599998,34.599998,9575515
2018-11-01,34.750000,35.650002,34.450001,35.099998,35.099998,9881366
2018-11-02,35.500000,36.599998,35.299999,35.599998,35.599998,16038076
2018-11-05,35.700001,35.900002,34.700001,35.250000,35.250000,6954689
2018-11-06,35.299999,35.500000,35.000000,35.150002,35.150002,4763426
2018-11-07,35.500000,35.549999,35.200001,35.500000,35.500000,1656884
2018-11-09,35.750000,36.750000,35.450001,36.549999,36.549999,9144577
2018-11-12,36.500000,36.549999,35.799999,36.150002,36.150002,6057363
2018-11-13,35.900002,36.049999,34.900002,35.349998,35.349998,21879971
2018-11-14,35.549999,36.099998,35.400002,35.700001,35.700001,15680048
2018-11-15,35.849998,36.849998,35.200001,36.599998,36.599998,10962212
2018-11-16,36.549999,36.599998,35.750000,36.450001,36.450001,8288739
2018-11-19,36.500000,36.650002,36.000000,36.049999,36.049999,7503824
2018-11-20,35.900002,36.099998,35.299999,35.500000,35.500000,5264955
2018-11-21,35.500000,36.500000,35.299999,36.400002,36.400002,5889898
2018-11-22,36.549999,39.700001,36.200001,39.000000,39.000000,36516575
2018-11-26,39.000000,40.400002,38.299999,39.700001,39.700001,19622794
2018-11-27,39.549999,40.099998,39.250000,39.799999,39.799999,8376594
2018-11-28,39.599998,39.900002,38.700001,38.799999,38.799999,6624422
2018-11-29,39.000000,39.000000,37.950001,38.450001,38.450001,14236462
2018-11-30,38.750000,38.750000,38.049999,38.450001,38.450001,6575062
2018-12-03,38.799999,38.799999,38.000000,38.349998,38.349998,6433641
2018-12-04,38.500000,40.099998,38.299999,39.000000,39.000000,11943783
2018-12-05,38.950001,38.950001,37.299999,37.750000,37.750000,7928559
2018-12-06,37.950001,37.950001,36.500000,36.599998,36.599998,8485234
2018-12-07,36.750000,36.950001,35.700001,36.500000,36.500000,6588857
2018-12-10,35.950001,36.200001,35.400002,35.900002,35.900002,5590308
2018-12-11,35.500000,36.650002,35.349998,36.400002,36.400002,10149285
2018-12-12,36.500000,37.950001,36.450001,37.599998,37.599998,6858459
2018-12-13,37.900002,39.950001,37.799999,39.400002,39.400002,14693642
2018-12-14,39.549999,39.750000,38.400002,39.150002,39.150002,11344083
2018-12-17,38.950001,39.599998,38.900002,39.349998,39.349998,4633099
2018-12-18,39.200001,41.299999,39.049999,41.200001,41.200001,18819636
2018-12-19,42.500000,43.450001,41.000000,42.799999,42.799999,39443846
2018-12-20,42.849998,44.099998,42.250000,43.900002,43.900002,23368210
2018-12-21,44.299999,44.549999,42.849998,43.150002,43.150002,20661011
2018-12-24,43.150002,44.000000,42.799999,43.099998,43.099998,19699728
2018-12-26,43.099998,43.500000,42.200001,43.099998,43.099998,16279700
2018-12-27,43.500000,43.599998,42.299999,42.750000,42.750000,24344889
2018-12-28,43.000000,43.250000,42.650002,42.950001,42.950001,9284403
2018-12-31,43.200001,43.599998,42.849998,43.349998,43.349998,7270084
2019-01-01,43.400002,43.549999,43.099998,43.349998,43.349998,5377735
2019-01-02,43.200001,43.599998,42.200001,42.700001,42.700001,11044098
2019-01-03,42.650002,43.400002,42.400002,43.049999,43.049999,9264868
2019-01-04,43.099998,45.549999,42.849998,45.150002,45.150002,15503296
2019-01-07,46.000000,47.450001,45.500000,46.150002,46.150002,32354449
2019-01-08,46.349998,46.349998,45.349998,46.000000,46.000000,12865124
2019-01-09,46.150002,46.549999,45.599998,46.250000,46.250000,16285665
2019-01-10,46.000000,47.450001,45.750000,46.950001,46.950001,17758764
2019-01-11,46.700001,47.250000,46.400002,46.700001,46.700001,11946044
2019-01-14,47.000000,47.299999,46.250000,46.900002,46.900002,11332956
2019-01-15,47.150002,47.299999,46.750000,47.049999,47.049999,9634146
2019-01-16,47.250000,49.500000,46.549999,48.349998,48.349998,31360470
2019-01-17,48.750000,49.000000,47.049999,47.250000,47.250000,20202858
2019-01-18,47.500000,47.799999,46.750000,47.099998,47.099998,10430179
2019-01-21,47.549999,47.549999,46.099998,46.400002,46.400002,12756283
2019-01-22,46.250000,47.099998,45.000000,46.900002,46.900002,14796605
2019-01-23,46.900002,47.950001,46.849998,47.299999,47.299999,11852586
2019-01-24,47.250000,47.750000,46.750000,47.099998,47.099998,8296185
2019-01-25,47.200001,47.750000,46.000000,46.650002,46.650002,15342427
2019-01-28,46.700001,46.799999,45.549999,45.750000,45.750000,11538916
2019-01-29,45.400002,46.549999,45.400002,46.200001,46.200001,14673988
2019-01-30,46.299999,46.500000,44.599998,44.750000,44.750000,15419653
2019-01-31,45.000000,45.950001,43.599998,45.200001,45.200001,33093404
2019-02-01,45.299999,45.549999,44.250000,44.799999,44.799999,12112149
2019-02-04,44.750000,44.750000,42.849998,43.299999,43.299999,12853599
2019-02-05,43.299999,44.000000,42.299999,42.950001,42.950001,11112483
2019-02-06,42.200001,42.650002,40.250000,41.599998,41.599998,30889439
2019-02-07,42.349998,44.700001,41.950001,44.500000,44.500000,26199088
2019-02-08,44.299999,45.000000,43.200001,44.250000,44.250000,14957867
2019-02-11,44.250000,45.400002,43.349998,45.000000,45.000000,14059474
2019-02-12,45.250000,45.799999,44.700001,45.250000,45.250000,14979480
2019-02-14,44.099998,45.000000,43.400002,44.700001,44.700001,10052017
2019-02-15,44.799999,44.900002,43.650002,44.400002,44.400002,11344842
2019-02-18,44.299999,44.450001,42.900002,43.099998,43.099998,12960079
2019-02-19,42.849998,44.000000,42.849998,43.400002,43.400002,7114351
2019-02-20,43.849998,45.000000,43.599998,44.750000,44.750000,11652714
2019-02-21,44.849998,45.450001,44.799999,45.000000,45.000000,9882790
2019-02-22,45.099998,45.849998,45.000000,45.549999,45.549999,9042563
2019-02-25,45.900002,46.250000,45.549999,45.900002,45.900002,9793857
2019-02-26,45.099998,45.849998,44.200001,45.500000,45.500000,14147496
2019-02-27,45.900002,45.950001,44.400002,44.950001,44.950001,13101139
2019-02-28,45.299999,45.450001,44.549999,44.750000,44.750000,10850627
2019-03-01,45.250000,47.700001,45.150002,47.500000,47.500000,22045972
2019-03-05,47.900002,51.500000,47.400002,51.049999,51.049999,30830001
2019-03-06,51.450001,52.299999,50.349998,51.250000,51.250000,30311010
2019-03-07,49.900002,51.099998,48.599998,48.950001,48.950001,45974354
2019-03-08,48.750000,49.599998,48.500000,48.950001,48.950001,16409981
2019-03-11,49.150002,50.650002,48.650002,50.099998,50.099998,19344722
2019-03-12,50.549999,50.750000,48.950001,49.849998,49.849998,24931076
2019-03-13,49.750000,50.599998,49.349998,50.049999,50.049999,15511131
2019-03-14,50.000000,51.099998,49.750000,50.599998,50.599998,18413051
2019-03-15,50.849998,52.549999,50.799999,52.049999,52.049999,42689785
2019-03-18,52.500000,52.849998,51.500000,52.250000,52.250000,23235749
2019-03-19,52.500000,53.150002,52.049999,52.549999,52.549999,22952840
2019-03-20,52.700001,52.750000,51.599998,52.349998,52.349998,13946489
2019-03-22,52.599998,53.849998,52.349998,52.799999,52.799999,24095753
2019-03-25,52.500000,52.500000,51.450001,51.799999,51.799999,14411047
2019-03-26,52.000000,52.900002,51.849998,52.549999,52.549999,14207853
2019-03-27,52.950001,54.549999,52.799999,53.700001,53.700001,25331474
2019-03-28,53.400002,55.000000,53.000000,54.650002,54.650002,21008501
2019-04-01,55.900002,56.849998,55.599998,55.900002,55.900002,20543684
2019-04-02,56.250000,56.349998,54.250000,54.950001,54.950001,16984494
2019-04-03,55.299999,55.549999,54.299999,54.549999,54.549999,10427707
2019-04-04,54.500000,54.799999,53.549999,54.000000,54.000000,15059462
2019-04-05,54.400002,54.750000,53.700001,54.200001,54.200001,10579864
2019-04-08,54.500000,55.349998,53.799999,54.200001,54.200001,11630897
2019-04-09,54.150002,54.799999,53.650002,54.650002,54.650002,8139185
2019-04-10,54.400002,55.049999,54.099998,54.549999,54.549999,10929318
2019-04-11,54.700001,54.849998,53.799999,54.400002,54.400002,8456235
2019-04-12,54.400002,54.849998,53.900002,54.200001,54.200001,8583756
2019-04-15,54.200001,54.500000,53.849998,54.000000,54.000000,7012467
2019-04-16,53.750000,54.099998,53.400002,53.650002,53.650002,9463657
2019-04-18,53.900002,54.000000,52.750000,53.000000,53.000000,10915127
2019-04-22,52.900002,52.900002,51.750000,51.849998,51.849998,8332535
2019-04-23,51.750000,52.150002,51.450001,51.650002,51.650002,6973286
2019-04-24,51.900002,52.599998,51.349998,52.099998,52.099998,8114106
2019-04-25,52.250000,53.549999,52.000000,52.750000,52.750000,17822195
2019-04-26,53.250000,53.400002,51.599998,51.950001,51.950001,10783521
2019-04-30,51.900002,51.900002,49.099998,49.950001,49.950001,15930064
2019-05-02,49.450001,50.950001,49.250000,50.500000,50.500000,11302917
2019-05-03,50.900002,51.200001,50.450001,50.650002,50.650002,9793655
2019-05-06,50.450001,50.500000,49.849998,50.250000,50.250000,9641420
2019-05-07,50.599998,50.700001,48.500000,48.750000,48.750000,11507805
2019-05-08,48.099998,49.900002,48.099998,49.349998,49.349998,16414742
2019-05-09,49.299999,49.700001,48.099998,48.650002,48.650002,15120212
2019-05-10,48.650002,49.799999,48.599998,49.150002,49.150002,13093765
2019-05-13,46.099998,46.950001,42.500000,42.950001,42.950001,54685899
2019-05-14,42.799999,43.000000,40.549999,41.750000,41.750000,50253746
2019-05-15,41.900002,42.299999,40.450001,40.750000,40.750000,18135021
2019-05-16,40.750000,41.500000,40.000000,41.150002,41.150002,15823086
2019-05-17,41.200001,41.950001,40.750000,41.750000,41.750000,12728534
2019-05-20,43.450001,43.500000,42.349998,43.049999,43.049999,29227539
2019-05-21,43.400002,43.799999,42.849998,43.400002,43.400002,14295925
2019-05-22,42.049999,42.900002,41.549999,42.650002,42.650002,17962791
2019-05-23,43.299999,44.450001,41.750000,42.049999,42.049999,35344978
2019-05-24,42.299999,45.200001,42.299999,45.049999,45.049999,30625475
2019-05-27,45.099998,46.099998,44.650002,45.900002,45.900002,18741694
2019-05-28,46.299999,46.299999,45.299999,45.549999,45.549999,16812715
2019-05-29,45.750000,46.200001,45.000000,45.849998,45.849998,10939813
2019-05-30,46.000000,46.349998,45.500000,45.750000,45.750000,17149337
2019-05-31,46.000000,46.000000,44.299999,45.400002,45.400002,12150775
2019-06-03,45.250000,45.700001,44.200001,45.299999,45.299999,8094867
2019-06-04,45.000000,46.349998,44.900002,45.500000,45.500000,8688578
2019-06-06,45.400002,45.500000,42.000000,42.400002,42.400002,30594940
2019-06-07,42.549999,43.400002,41.900002,42.549999,42.549999,15627589
2019-06-10,42.750000,43.250000,42.000000,42.200001,42.200001,9677602
2019-06-11,42.200001,42.900002,41.500000,42.549999,42.549999,10197749
2019-06-12,42.400002,42.849998,42.000000,42.650002,42.650002,6522978
2019-06-13,42.349998,42.599998,41.000000,42.049999,42.049999,11613085
2019-06-14,42.049999,42.650002,41.500000,41.799999,41.799999,6572973
2019-06-17,41.799999,41.849998,41.049999,41.400002,41.400002,7047036
2019-06-18,41.250000,41.750000,40.650002,40.950001,40.950001,8648911
2019-06-19,41.200001,41.799999,39.799999,40.500000,40.500000,12784085
2019-06-20,40.500000,42.299999,40.049999,42.099998,42.099998,10814263
2019-06-21,42.049999,42.900002,41.599998,42.400002,42.400002,12427635
2019-06-24,42.400002,42.650002,42.049999,42.400002,42.400002,4799647
2019-06-25,42.200001,42.599998,41.900002,42.450001,42.450001,5297710
2019-06-26,42.099998,43.049999,42.099998,42.849998,42.849998,8572859
2019-06-27,42.849998,43.150002,42.549999,42.900002,42.900002,12509150
2019-06-28,42.900002,43.500000,42.700001,43.250000,43.250000,6499934
2019-07-01,43.500000,44.450001,43.450001,44.250000,44.250000,6960150
2019-07-02,44.599998,44.799999,43.599998,44.400002,44.400002,8480158
2019-07-03,44.450001,45.349998,44.200001,44.950001,44.950001,8489217
2019-07-04,45.250000,45.750000,44.700001,45.000000,45.000000,9291774
2019-07-05,45.200001,45.200001,43.200001,43.400002,43.400002,10220173
2019-07-08,43.099998,43.450001,41.799999,42.099998,42.099998,10423871
2019-07-09,42.000000,43.250000,40.299999,42.950001,42.950001,9672354
2019-07-10,42.849998,43.500000,42.299999,42.650002,42.650002,9916305
2019-07-11,43.150002,43.150002,42.400002,42.750000,42.750000,5974172
2019-07-12,42.849998,43.299999,42.450001,43.099998,43.099998,6245648
2019-07-15,43.000000,43.250000,41.950001,42.349998,42.349998,8494747
2019-07-16,42.400002,42.500000,41.750000,42.049999,42.049999,7672664
2019-07-17,42.150002,43.400002,42.049999,43.200001,43.200001,9498592
2019-07-18,42.900002,43.000000,41.599998,41.799999,41.799999,11022699
2019-07-19,41.950001,42.200001,40.000000,40.250000,40.250000,12143838
2019-07-22,40.150002,40.500000,39.400002,40.150002,40.150002,15301508
2019-07-23,40.299999,40.500000,38.900002,39.049999,39.049999,19318481
2019-07-24,38.849998,39.000000,37.299999,37.599998,37.599998,24522959
2019-07-25,37.000000,40.299999,36.000000,38.950001,38.950001,57402700
2019-07-26,38.549999,42.950001,38.549999,42.349998,42.349998,43186274
2019-07-29,42.599998,42.599998,41.200001,41.500000,41.500000,12814840
2019-07-30,41.549999,41.950001,39.599998,39.799999,39.799999,15736314
2019-07-31,39.400002,42.250000,39.200001,41.950001,41.950001,18874189
2019-08-01,41.950001,42.400002,40.599998,41.549999,41.549999,14217805
2019-08-02,41.099998,42.000000,40.200001,41.349998,41.349998,14145421
2019-08-05,40.950001,41.500000,39.599998,41.099998,41.099998,17114883
2019-08-06,40.849998,41.900002,40.700001,41.700001,41.700001,10386246
2019-08-07,41.549999,42.500000,41.099998,41.349998,41.349998,13943998
2019-08-08,41.450001,42.700001,41.000000,42.450001,42.450001,12322412
2019-08-09,42.750000,44.549999,42.500000,44.349998,44.349998,20393917
2019-08-13,44.299999,44.349998,42.599998,43.150002,43.150002,11314837
2019-08-14,43.150002,44.450001,42.750000,44.299999,44.299999,12784523
2019-08-16,44.000000,46.049999,43.500000,45.750000,45.750000,20583633
2019-08-19,46.000000,46.750000,45.099998,45.450001,45.450001,14219593
2019-08-20,45.400002,45.700001,44.099998,44.900002,44.900002,11037248
2019-08-21,44.750000,44.799999,43.299999,43.450001,43.450001,12750198
2019-08-22,43.349998,43.400002,42.400002,43.000000,43.000000,17864835
2019-08-23,43.000000,44.000000,41.700001,43.500000,43.500000,17691784
2019-08-26,44.000000,44.599998,42.500000,43.299999,43.299999,20858682
2019-08-27,43.900002,44.200001,43.099998,43.250000,43.250000,15537047
2019-08-28,43.299999,43.549999,41.849998,42.150002,42.150002,20933529
2019-08-29,42.000000,43.450001,41.700001,43.000000,43.000000,15200063
2019-08-30,43.000000,43.950001,42.150002,43.549999,43.549999,12953499
2019-09-03,43.049999,43.400002,42.349998,43.000000,43.000000,15600945
2019-09-04,42.750000,43.049999,42.150002,42.700001,42.700001,13115703
2019-09-05,42.750000,43.250000,42.549999,42.900002,42.900002,10716116
2019-09-06,43.049999,43.150002,42.700001,42.950001,42.950001,8867672
2019-09-09,43.000000,43.299999,42.549999,43.150002,43.150002,8626137
2019-09-11,43.099998,44.150002,43.000000,43.849998,43.849998,11140259
2019-09-12,43.900002,44.349998,42.900002,43.150002,43.150002,16907181
2019-09-13,43.200001,43.299999,41.549999,42.299999,42.299999,20845275
2019-09-16,42.099998,42.799999,41.799999,42.599998,42.599998,7712163
2019-09-17,42.849998,42.849998,41.549999,41.700001,41.700001,11163087
2019-09-18,41.900002,42.200001,41.250000,41.500000,41.500000,9805065
2019-09-19,41.500000,41.650002,40.349998,40.599998,40.599998,12177912
2019-09-20,40.650002,43.700001,40.299999,43.099998,43.099998,32542856
2019-09-23,43.950001,44.549999,42.849998,43.299999,43.299999,24304827
2019-09-24,43.349998,43.849998,42.650002,42.799999,42.799999,14046346
2019-09-25,42.500000,43.200001,42.299999,42.950001,42.950001,15191191
2019-09-26,42.900002,44.299999,42.900002,43.599998,43.599998,26349776
2019-09-27,43.599998,43.650002,42.200001,42.500000,42.500000,11349639
2019-09-30,42.549999,42.750000,39.400002,40.200001,40.200001,29724442
2019-10-01,40.200001,40.700001,36.200001,38.650002,38.650002,57435614
2019-10-03,38.000000,38.000000,36.250000,37.150002,37.150002,26646414
2019-10-04,37.400002,38.400002,36.900002,38.049999,38.049999,22670636
2019-10-07,38.250000,38.599998,36.500000,37.450001,37.450001,20846366
2019-10-09,37.450001,38.799999,37.099998,38.400002,38.400002,16641167
2019-10-10,38.099998,38.400002,36.549999,36.950001,36.950001,18558701
2019-10-11,37.200001,37.750000,37.099998,37.450001,37.450001,16696623
2019-10-14,37.500000,38.299999,37.500000,37.750000,37.750000,12529104
2019-10-15,37.950001,38.500000,37.700001,38.450001,38.450001,11399042
2019-10-16,38.549999,39.299999,38.500000,39.200001,39.200001,11809887
2019-10-17,39.500000,40.099998,38.599998,39.950001,39.950001,11887889
2019-10-18,40.099998,40.650002,39.500000,39.700001,39.700001,14532569
2019-10-22,39.700001,40.450001,39.500000,39.799999,39.799999,9561077
2019-10-23,40.049999,40.049999,38.500000,39.650002,39.650002,10752970
2019-10-24,39.799999,40.250000,38.250000,38.849998,38.849998,14853535
2019-10-25,40.750000,42.000000,39.750000,40.650002,40.650002,38015186
2019-10-27,null,null,null,null,null,null
2019-10-29,41.950001,42.299999,41.049999,41.750000,41.750000,16268255
2019-10-30,41.750000,43.400002,41.549999,42.500000,42.500000,18853725
2019-10-31,42.799999,45.000000,42.700001,44.650002,44.650002,35685118
2019-11-01,44.549999,45.400002,43.750000,43.900002,43.900002,18990697
2019-11-04,44.250000,45.099998,43.500000,43.700001,43.700001,18678288
2019-11-05,43.900002,44.250000,42.700001,43.049999,43.049999,13910867
2019-11-06,43.000000,43.099998,42.049999,42.500000,42.500000,11827351
2019-11-07,42.900002,43.099998,42.200001,42.450001,42.450001,11324199
2019-11-08,42.500000,43.099998,42.000000,42.150002,42.150002,15191473
2019-11-11,42.299999,42.849998,42.000000,42.549999,42.549999,7469139
2019-11-13,42.599998,42.700001,41.700001,41.849998,41.849998,9870946
2019-11-14,41.000000,41.950001,40.900002,41.700001,41.700001,11408938
2019-11-15,41.950001,42.500000,41.650002,42.250000,42.250000,10302094
2019-11-18,42.049999,43.250000,42.049999,42.500000,42.500000,10246687
2019-11-19,42.750000,43.049999,42.400002,42.799999,42.799999,9460952
2019-11-20,42.750000,43.700001,42.750000,43.150002,43.150002,19738032
2019-11-21,43.000000,43.700001,42.750000,43.099998,43.099998,15294734
2019-11-22,43.150002,43.250000,42.799999,43.000000,43.000000,11842863
2019-11-25,43.000000,43.799999,42.849998,43.549999,43.549999,17306664
2019-11-26,44.000000,44.400002,42.849998,43.150002,43.150002,23324818
2019-11-27,43.299999,43.650002,42.849998,43.549999,43.549999,12798114
2019-11-28,43.549999,44.349998,43.200001,44.299999,44.299999,31160796
2019-11-29,44.450001,47.950001,44.299999,46.849998,46.849998,86065840
2019-12-02,47.000000,47.650002,45.849998,46.750000,46.750000,27994961
2019-12-03,46.900002,46.950001,44.900002,45.150002,45.150002,16039525
2019-12-04,45.000000,46.000000,44.400002,45.799999,45.799999,17143838
2019-12-05,45.950001,46.000000,44.500000,44.599998,44.599998,15869948
2019-12-06,44.799999,44.950001,43.099998,43.299999,43.299999,14650100
2019-12-09,43.250000,43.700001,42.500000,42.700001,42.700001,12969867
2019-12-10,42.700001,43.099998,41.950001,42.099998,42.099998,11188950
2019-12-11,42.349998,43.200001,41.900002,42.950001,42.950001,12490917
2019-12-12,43.200001,43.500000,42.799999,43.200001,43.200001,10496649
2019-12-13,43.349998,43.799999,43.049999,43.650002,43.650002,11531697
2019-12-16,43.900002,43.950001,42.950001,43.049999,43.049999,8722070
2019-12-17,43.049999,43.299999,42.650002,42.799999,42.799999,9651911
2019-12-18,43.000000,43.000000,42.400002,42.599998,42.599998,8297210
2019-12-19,42.599998,44.000000,42.400002,43.750000,43.750000,16270274
2019-12-20,43.700001,43.950001,43.200001,43.400002,43.400002,11046667
2019-12-23,43.200001,43.599998,42.849998,43.049999,43.049999,6476588
2019-12-24,43.049999,43.849998,42.900002,43.549999,43.549999,8913027
2019-12-26,43.549999,44.049999,42.900002,43.599998,43.599998,19163197
2019-12-27,43.650002,45.299999,43.650002,44.700001,44.700001,24065967
2019-12-30,44.950001,45.750000,44.849998,44.950001,44.950001,17688511
2019-12-31,44.950001,45.349998,44.400002,45.150002,45.150002,13626284
2020-01-01,45.349998,45.950001,44.950001,45.799999,45.799999,12581227
2020-01-02,46.000000,46.549999,45.500000,46.150002,46.150002,16903047
2020-01-03,46.099998,46.500000,45.150002,45.450001,45.450001,14646549
2020-01-06,45.049999,45.299999,43.500000,43.650002,43.650002,17221990
2020-01-07,44.000000,44.650002,43.000000,43.500000,43.500000,17336782
2020-01-08,43.000000,43.549999,42.599998,43.099998,43.099998,15122383
2020-01-09,43.750000,44.750000,43.500000,44.349998,44.349998,19277585
2020-01-10,44.599998,44.750000,43.799999,43.950001,43.950001,10735748
2020-01-13,44.200001,44.500000,43.900002,44.299999,44.299999,9007779
2020-01-14,44.299999,44.799999,44.000000,44.599998,44.599998,10977076
2020-01-15,44.700001,45.450001,44.099998,45.000000,45.000000,23476674
