inst#,actual,predicted,error
1,1,1.004,0.004
2,1.003,0.994,-0.008
3,1.01,1.007,-0.003
4,1,1.004,0.004
5,1,1.004,0.004
6,0.992,0.987,-0.005
7,1.008,1.003,-0.005
8,0.969,0.986,0.017
9,1,1.002,0.002
10,1.021,1.004,-0.017
11,0.997,1.001,0.003
12,0.984,0.999,0.015
13,0.992,0.992,0
14,0.984,0.999,0.015
15,1.003,1,-0.003
16,0.992,0.999,0.008
17,0.992,1,0.008
18,0.995,1.001,0.007
19,1,1.004,0.004
20,1.008,1.003,-0.005
21,1,1.002,0.002
22,0.989,0.993,0.004
23,1.011,1.003,-0.008
24,1.03,1.003,-0.027
25,1.008,1.005,-0.003
26,1.008,1.007,-0.001
27,1.003,1.001,-0.001
28,1.01,1.002,-0.009
29,1.005,1.003,-0.002
30,1,0.998,-0.002
31,0.99,1,0.011
32,1,0.998,-0.002
33,1.005,0.998,-0.007
34,1.003,1.001,-0.002
35,0.992,1.004,0.011
36,1.01,0.999,-0.012
37,1,1.003,0.003
38,0.995,1.002,0.007
39,1.005,0.999,-0.006
40,1.013,1.003,-0.01
41,1.025,1.002,-0.023
42,1.002,1.003,0
43,1.012,1.005,-0.008
44,1.005,1.003,-0.002
45,1,1,0
46,1,0.998,-0.002
47,1,1.004,0.004
48,0.998,1.001,0.003
49,0.978,0.988,0.01
50,0.995,1.002,0.007
51,0.995,1.002,0.007
52,1.005,0.991,-0.014
53,1.012,1.001,-0.011
54,0.998,1.004,0.007
55,1.012,0.997,-0.015
56,1,1.004,0.004
57,1.007,0.999,-0.008
58,1,1.003,0.003
59,0.993,0.997,0.004
60,1,1,0
61,1.005,1.001,-0.004
62,0.998,1,0.002
63,1.005,1.002,-0.003
64,1.005,0.996,-0.009
65,1.002,1.006,0.004
66,1.007,1.003,-0.005
67,0.995,1.001,0.006
68,0.993,0.996,0.003
69,1.017,1.006,-0.011
70,0.812,0.996,0.184
71,0.997,0.989,-0.008
72,1,1.001,0.001
73,0.991,0.997,0.005
74,0.988,1.001,0.013
75,1,1.004,0.004
76,1.003,1.004,0.001
77,1.009,0.994,-0.015
78,1,0.994,-0.006
79,0.959,0.983,0.025
80,1.019,1.005,-0.014
81,1.006,1.006,0
82,1,1.004,0.004
83,1,0.995,-0.005
84,0.991,1.004,0.013
85,1,1.004,0.004
86,1,1.004,0.004
87,1.009,1.004,-0.005
88,0.997,0.998,0.001
89,0.991,0.993,0.002
90,0.994,0.999,0.005
91,0.991,1.002,0.011
92,1.019,1.002,-0.017
93,1,0.997,-0.003
94,0.991,0.994,0.003
95,1.015,1.003,-0.013
96,0.997,1.002,0.005
97,0.997,0.999,0.002
98,1.003,1.002,-0.001
99,0.988,1.001,0.013
100,1.009,1.002,-0.008
101,1.006,1.001,-0.005
102,0.994,1.001,0.007
103,0.997,0.998,0.001
104,0.997,0.999,0.002
105,1.009,0.999,-0.011
106,0.991,1.002,0.011
107,1.006,1,-0.006
108,0.997,1.004,0.007
109,0.988,0.999,0.011
110,1.003,0.998,-0.005
111,1,1.002,0.002
112,1.003,0.999,-0.004
113,1.003,1.004,0.001
114,1.006,1.002,-0.004
115,0.985,0.993,0.009
116,1,1,0
117,1,1.002,0.002
118,0.994,0.994,0
119,0.991,0.997,0.006
120,0.984,0.997,0.013
121,1.029,1.004,-0.025
122,0.997,0.996,-0.001
123,1.016,1.002,-0.013
124,1.003,1.004,0.001
125,0.994,1.004,0.01
126,1.012,1.005,-0.008
127,0.994,0.992,-0.002
128,1,1.004,0.004
129,1.006,0.996,-0.01
130,0.997,1.006,0.009
131,1.006,1.002,-0.005
132,0.994,0.997,0.003
133,1,0.999,-0.001
134,0.991,1.001,0.01
135,1.009,1.005,-0.005
136,1.003,0.994,-0.009
137,1.003,1.002,-0.001
138,1.009,0.999,-0.011
139,1.006,1.003,-0.003
140,0.982,0.99,0.008
141,0.994,1.006,0.013
142,1,1.002,0.002
143,1.003,1.001,-0.002
144,1,1.001,0.001
145,1.006,0.995,-0.011
146,0.988,1.002,0.014
147,0.997,1.001,0.004
148,1.012,1.002,-0.011
149,0.997,1,0.003
150,1,1,0
151,1.006,0.997,-0.009
152,1,1.005,0.005
153,0.991,1.001,0.01
154,0.997,0.996,-0.001
155,0.997,1,0.003
156,0.997,0.994,-0.003
157,1.006,1.002,-0.004
158,1,1.001,0.001
159,1.009,1.002,-0.008
160,0.997,1.001,0.004
161,0.994,1,0.006
162,0.991,1,0.01
163,0.991,0.996,0.006
164,1.016,0.998,-0.018
165,0.997,1.006,0.009
166,1.006,1.001,-0.005
167,1.003,1.004,0.001
168,1.003,0.998,-0.005
169,1,1.004,0.004
170,1,0.994,-0.006
171,0.994,1.004,0.011
172,0.991,0.995,0.004
173,1.009,1.004,-0.005
174,0.988,0.999,0.012
175,0.991,0.993,0.002
176,1.019,1.006,-0.013
177,0.997,1.005,0.008
178,0.991,0.998,0.008
179,1,0.999,-0.001
180,1.006,1.002,-0.005
181,0.997,0.999,0.003
182,0.978,1.001,0.023
183,1.01,0.983,-0.026
184,1.006,1.005,-0.002
185,0.997,1.004,0.007
186,1.003,1.002,-0.001
187,0.975,0.986,0.011
188,0.984,1.002,0.018
189,0.981,0.993,0.012
190,0.997,1.003,0.006
191,1.007,1.004,-0.003
192,0.993,0.997,0.004
193,1,0.993,-0.007
194,0.998,1.004,0.005
195,1,1.004,0.004
196,1,1.004,0.004
197,1.002,1.004,0.002
198,1.013,1,-0.013
199,0.99,0.997,0.007
200,0.997,1.002,0.006
201,1,0.995,-0.005
202,0.998,1.002,0.004
203,1.002,1.002,0
204,0.998,1,0.002
205,1.005,1,-0.005
206,1.007,1.003,-0.004
207,1.01,1,-0.01
208,0.987,1.002,0.016
209,0.993,1.001,0.008
210,1,1.001,0.001
211,0.998,1,0.001
212,0.998,1.001,0.003
213,1,1,0
214,1.003,1.001,-0.002
215,0.997,0.998,0.001
216,0.988,0.994,0.005
217,0.998,1.003,0.004
218,1.005,0.999,-0.006
219,1.005,1.003,-0.002
220,1,0.996,-0.004
221,1.003,1.002,-0.001
222,0.992,1,0.008
223,1.002,1.001,-0.001
224,0.998,1.003,0.004
225,0.998,1.003,0.005
226,1.005,0.995,-0.01
227,1.005,1.001,-0.004
228,1,1.001,0.001
229,1,1,0
230,0.997,0.997,0
231,1.007,1.006,-0.001
232,1.003,1,-0.003
233,1,1,0
234,1,1,0
235,1.003,1.002,-0.002
236,0.993,1,0.007
237,1.01,1.002,-0.008
238,1.003,1.002,-0.002
239,1.003,1.004,0.001
240,0.99,0.999,0.009
241,1.003,1.001,-0.002
242,0.997,1.001,0.004
243,0.993,1.001,0.007
244,0.993,0.993,0
245,1.007,1.005,-0.002
246,1.003,1.002,-0.001
247,0.997,1.002,0.005
248,1,1.001,0.001
249,1,0.999,-0.001
250,1,1.001,0.001
251,1,0.999,-0.001
252,1,1.003,0.003
253,1,1,0
254,0.995,0.998,0.003
255,1,0.996,-0.004
256,0.998,1.002,0.004
257,1,1.002,0.002
258,1.007,1.004,-0.003
259,0.998,0.997,-0.001
260,1,1.002,0.002
261,0.993,0.995,0.001
262,1.005,1.003,-0.002
263,0.993,0.996,0.003
264,1.01,1.003,-0.007
265,0.992,0.998,0.007
266,0.998,1.001,0.003
267,1.005,1.001,-0.004
268,0.998,0.998,0
269,1.003,1.003,-0.001
270,1.003,1,-0.003
271,0.998,1.003,0.004
272,1.002,1.003,0.001
273,1,1.001,0.001
274,1,1.004,0.004
275,1.007,1.002,-0.005
276,1,0.999,-0.001
277,1.003,1.001,-0.002
278,0.997,1,0.004
279,1,1.002,0.002
280,1.007,1.003,-0.003
281,1.007,1.001,-0.005
282,0.984,0.997,0.013
283,0.995,0.999,0.004
284,1.018,1.003,-0.016
285,1.003,1.003,0
286,0.987,1.003,0.016
287,1.007,0.998,-0.009
288,1,0.996,-0.004
289,1.003,1.004,0.001
290,1.003,1,-0.003
291,1,1.006,0.006
292,1,1.003,0.003
293,1,1.004,0.004
294,1.013,1.004,-0.009
295,0.99,0.992,0.002
296,0.994,1.004,0.011
297,1,0.998,-0.002
298,1.016,1.003,-0.013
299,1,1.002,0.002
300,1,1.002,0.002
301,1.003,0.998,-0.006
302,1.006,1.002,-0.004
303,1.006,1.001,-0.005
304,1,1.003,0.003
305,1.003,0.999,-0.004
306,1.003,1.003,-0.001
307,0.984,0.994,0.01
308,1.003,1.003,0
309,0.994,0.997,0.003
310,0.997,1.002,0.005
311,1,1.004,0.004
312,1.003,0.999,-0.004
313,1.006,1.003,-0.004
314,1.003,1,-0.003
315,1.016,1.003,-0.013
316,0.997,0.996,-0.001
317,1.009,1.004,-0.005
318,0.994,1.002,0.008
319,1,1.002,0.002
320,1.003,0.999,-0.004
321,1.003,1.002,-0.001
322,0.994,0.999,0.005
323,1.003,1.004,0.001
324,1,1.002,0.002
325,1,1.002,0.002
326,1.006,1.004,-0.002
327,0.997,0.992,-0.005
328,0.997,1.001,0.004
329,0.988,0.997,0.01
330,1.016,1.003,-0.013
331,0.994,0.998,0.004
332,0.997,1,0.003
333,1.003,0.998,-0.005
334,0.997,1.002,0.005
335,0.969,0.998,0.03
336,0.997,0.995,-0.002
337,0.997,0.996,-0.001
338,0.987,0.995,0.008
339,1.007,1,-0.006
340,1.003,1.003,0
341,1,1.002,0.002
342,0.997,1,0.004
343,0.997,1.002,0.006
344,1.007,1.002,-0.005
345,0.997,1,0.003
346,1.007,1.001,-0.006
347,1,1.003,0.003
348,1.01,1.003,-0.007
349,1,0.998,-0.002
350,1.003,1.002,-0.001
351,1.003,1.004,0.001
352,1.003,1.001,-0.002
353,1.006,0.998,-0.009
354,1.01,1.006,-0.003
355,1.006,1.003,-0.003
356,1,1.004,0.004
357,1,1.002,0.002
358,1.006,1.004,-0.002
359,1.003,1.003,0
360,0.994,1.002,0.008
361,1.016,1.004,-0.011
362,0.997,1.003,0.006
363,1.003,1.002,-0.002
364,1,1,0
365,1.006,1.002,-0.005
366,0.994,1,0.007
367,1.003,0.997,-0.006
368,0.991,1.002,0.011
369,0.994,1.002,0.008
370,1,0.991,-0.009
371,1.009,1.005,-0.005
372,1.003,1.002,-0.001
373,0.997,1,0.003
374,1.003,1.001,-0.003
375,1.009,1.002,-0.008
376,1.003,1.002,-0.001
377,0.988,0.996,0.008
378,0.997,0.999,0.002
379,0.997,1.004,0.007
380,1,0.997,-0.003
381,0.991,1.002,0.011
382,1,0.996,-0.004
383,0.988,0.995,0.008
384,0.997,1.002,0.005
385,1.003,1.001,-0.002
386,0.997,1.001,0.004
387,0.991,0.998,0.008
388,1.01,0.995,-0.014
389,1.01,1.003,-0.006
390,0.975,0.994,0.019
391,1,1,0
392,1,0.985,-0.015
393,1.006,1.006,-0.001
394,1.003,1.003,0
395,1.003,1.002,-0.001
396,0.997,0.999,0.002
397,1,1.002,0.002
398,0.994,0.998,0.004
399,1.003,1,-0.003
400,1,1.001,0.001
401,1,1.001,0.001
402,0.984,0.995,0.011
403,1,0.999,-0.001
404,0.997,0.999,0.002
405,0.997,1.002,0.006
406,1,0.999,-0.001
407,1.003,1.001,-0.002
408,1.003,1.002,-0.002
409,0.994,0.998,0.005
410,1.01,1.001,-0.009
411,1.003,1.003,0
412,0.994,0.999,0.006
413,1.006,1.002,-0.005
414,1.006,1.002,-0.004
415,1.003,1.001,-0.002
416,0.984,0.998,0.014
417,1.003,1.001,-0.003
418,1.003,1.001,-0.003
419,1.006,1.001,-0.006
420,0.997,1.002,0.006
421,1.023,1,-0.022
422,1,0.997,-0.003
423,1.003,1.001,-0.002
424,0.997,1.004,0.007
425,0.997,1,0.003
426,1.003,1.001,-0.003
427,1,0.998,-0.002
428,1,1.002,0.002
429,0.997,1.002,0.005
430,1.006,1.004,-0.002
431,1.006,0.999,-0.008
432,1,1.001,0.001
433,1.006,1.004,-0.002
434,0.985,0.999,0.015
435,1.003,0.998,-0.005
436,0.997,0.999,0.002
437,1.01,1.002,-0.008
438,1.009,1.003,-0.006
439,1.016,1.003,-0.013
440,0.997,1.005,0.008
441,0.985,0.994,0.009
442,0.997,1.006,0.009
443,1.009,1.002,-0.008
444,0.994,1.002,0.009
445,1.009,0.999,-0.01
446,1.009,1.002,-0.007
447,0.994,1.002,0.008
448,1.012,1,-0.012
449,1,1.004,0.004
450,0.997,1.005,0.008
451,1,1,0
452,1,0.999,-0.001
453,1,0.998,-0.002
454,0.985,0.994,0.009
455,1.003,1.001,-0.002
456,0.994,0.998,0.004
457,1.012,1.004,-0.008
458,1.003,0.999,-0.004
459,0.988,0.999,0.011
460,0.997,1.001,0.004
461,0.997,0.999,0.002
462,0.991,0.999,0.008
463,0.997,1.001,0.004
464,1.006,0.997,-0.009
465,0.991,0.999,0.008
466,1.01,1.004,-0.005
467,0.997,0.998,0.001
468,1.003,0.999,-0.004
469,0.994,1.004,0.01
470,0.994,0.992,-0.002
471,0.994,1.003,0.01
472,1.006,1.002,-0.005
473,1.003,1.003,0
474,0.994,0.994,0.001
475,1.006,1.004,-0.002
476,1,1.002,0.002
477,1.006,1,-0.006
478,1,1.003,0.003
479,0.997,0.999,0.002
480,1,0.995,-0.005
481,0.991,1.001,0.01
482,1.006,1.001,-0.006
483,1.01,1.001,-0.009
484,1,1.003,0.003
485,1,1,0
486,1.006,1.002,-0.005
487,0.991,1,0.01
488,1.003,0.996,-0.007
489,1,1.001,0.001
490,0.997,1.002,0.005
491,1,0.997,-0.003
492,1.003,1.003,0
493,1,1.002,0.002
494,1,1.004,0.004
495,0.997,0.995,-0.002
496,1,1.001,0.001
497,1,1,0
498,1.003,1.002,-0.001
499,0.988,1.004,0.016
500,0.997,0.996,0
501,1.006,1.003,-0.003
502,0.994,0.995,0.001
503,1,1.002,0.002
504,1.003,1,-0.003
505,0.997,1.002,0.005
506,1.003,0.998,-0.005
507,1.003,0.999,-0.004
508,0.994,0.998,0.004
509,1,1.002,0.002
510,1.01,1.001,-0.009
511,1.003,1.003,0
512,0.991,1.001,0.01
513,1.006,1.004,-0.002
514,1.003,1.002,-0.002
515,0.997,0.998,0.001
516,1,1.004,0.004
517,0.997,1.002,0.005
518,1,1.004,0.004
519,1.006,1.004,-0.002
520,0.991,0.995,0.004
521,0.994,1.002,0.008
522,1,1,0
523,1.006,1,-0.006
524,1.006,0.998,-0.008
525,0.991,0.998,0.007
526,1.003,1,-0.003
527,0.997,1.004,0.007
528,1,1.001,0.001
529,1.003,0.999,-0.004
530,1.003,1.003,-0.001
531,1,1.001,0.001
532,0.997,0.997,0
533,1,1.004,0.004
534,0.997,1.004,0.007
535,0.997,1.002,0.005
536,1,1.002,0.002
537,1.01,1.004,-0.006
538,0.997,0.998,0.002
539,0.997,1.002,0.005
540,1.006,1.004,-0.002
541,1.003,1.002,-0.001
542,0.997,1.002,0.005
543,0.994,0.996,0.002
544,1,1.002,0.002
545,1,1.004,0.004
546,1.006,1.004,-0.002
547,1.006,0.998,-0.008
548,1,1.003,0.003
549,1.006,1.002,-0.005
550,1.003,1.002,-0.002
551,1,1.001,0.001
552,0.997,1,0.004
553,0.997,0.999,0.002
554,0.997,1.001,0.004
555,1.016,1,-0.015
556,0.991,0.998,0.007
557,1.003,1,-0.003
558,0.997,0.995,-0.002
559,0.997,1.002,0.005
560,1.003,1.001,-0.003
561,0.994,1.004,0.01
562,1.006,1.002,-0.005
563,1,1.002,0.002
564,1,0.998,-0.002
565,1.012,1.002,-0.011
566,1,1.002,0.002
567,0.997,0.999,0.002
568,1,1.002,0.002
569,1,0.998,-0.002
570,1.012,1.002,-0.01
571,1.009,1.004,-0.005
572,0.994,1.002,0.008
573,0.994,1.002,0.008
574,0.997,0.996,-0.001
575,0.994,1.001,0.007
576,1,0.998,-0.002
577,1,1,0
578,1.006,1.001,-0.005
579,0.994,0.999,0.005
580,1.006,1.004,-0.002
581,1.009,1.002,-0.008
582,1,1.002,0.002
583,0.994,1.002,0.008
584,0.991,0.992,0.001
585,1,1.003,0.003
586,1.003,0.997,-0.006
587,1.009,1.001,-0.008
588,1.006,1.001,-0.005
589,1,1,0
590,1,1.002,0.002
591,1,0.999,-0.001
592,1,1.002,0.002
593,1.006,1,-0.006
594,1,1.005,0.005
595,0.994,1.002,0.008
596,1.003,1.001,-0.002
597,1.003,0.999,-0.004
598,1,1.004,0.004
599,0.997,1.002,0.005
600,1,1.001,0.001
601,0.982,1.004,0.022
602,1,0.988,-0.012
603,1,0.994,-0.006
604,0.997,1.003,0.007
605,1.003,1.001,-0.002
606,1.003,1.004,0.001
607,0.988,0.998,0.011
608,0.991,1,0.01
609,1.009,1.003,-0.006
610,1.006,1.002,-0.004
611,0.997,1.002,0.005
612,0.994,0.997,0.003
613,1,1.002,0.002
614,1.019,1.004,-0.014
615,1.009,0.997,-0.012
616,1,1.002,0.002
617,1.006,1.004,-0.002
618,1.003,1.002,-0.001
619,1,1.002,0.002
620,1.006,0.999,-0.007
621,1.009,1.004,-0.005
622,1,1.003,0.003
623,1.012,1,-0.012
624,1,1.002,0.002
625,0.997,1.002,0.005
626,0.997,0.998,0.001
627,1.006,1.001,-0.005
628,0.985,1.004,0.018
629,1.003,0.997,-0.006
630,1.006,1.001,-0.005
631,0.991,1.002,0.01
632,0.991,0.998,0.007
633,1.009,1.001,-0.008
634,0.991,0.989,-0.002
635,1.003,1.002,-0.001
636,1.012,1.002,-0.01
637,1.006,1.003,-0.003
638,1,1.005,0.005
639,1,0.999,-0.001
640,1,1.002,0.002
641,1.003,0.995,-0.007
642,0.994,1.001,0.007
643,1.003,1.001,-0.002
644,1,1.004,0.004
645,1.003,1.004,0.001
646,0.985,0.996,0.011
647,1.006,1.001,-0.004
648,0.994,0.998,0.004
649,1.012,1.004,-0.008
650,1.003,1.004,0.001
651,0.991,0.999,0.008
652,1.015,1.003,-0.011
653,1.003,0.997,-0.006
654,0.986,0.993,0.007
655,1.006,1.001,-0.005
656,1.006,1.004,-0.002
657,0.986,0.996,0.01
658,1.003,1,-0.002
659,1,1.003,0.003
660,1.009,0.996,-0.013
661,1,1.003,0.003
662,0.997,0.997,0
663,1,1.002,0.002
664,0.994,0.999,0.005
665,1.003,1,-0.003
666,0.997,1,0.003
667,1.003,1.001,-0.002
668,1,1.002,0.002
669,1,0.999,-0.001
670,1.006,1.002,-0.003
671,0.994,1,0.006
672,1.006,0.997,-0.009
673,1.003,1.004,0.001
674,1.003,1.001,-0.002
675,0.997,1.001,0.004
676,1,0.997,-0.003
677,0.994,1.001,0.007
678,0.997,0.999,0.002
679,1.003,1.004,0.001
680,1.006,0.999,-0.007
681,0.997,1.001,0.004
682,1.006,0.999,-0.007
683,1,1.002,0.002
684,0.988,1.002,0.014
685,1.006,1.001,-0.005
686,1,0.998,-0.002
687,1.003,1,-0.003
688,1,1.004,0.004
689,1.003,0.999,-0.004
690,0.997,1.001,0.004
691,1,1.001,0.001
692,1.006,1.001,-0.005
693,1.006,1.002,-0.004
694,0.991,1.001,0.01
695,1,0.999,-0.001
696,0.994,0.996,0.002
697,1.006,1.001,-0.005
698,0.991,0.999,0.008
699,0.994,0.996,0.002
700,0.997,1,0.003
701,1.003,1.001,-0.002
702,1,1.004,0.004
703,1,1.002,0.002
704,0.997,1.001,0.004
705,1.006,1.004,-0.002
706,1.003,1,-0.003
707,0.997,1,0.003
708,0.997,1.002,0.005
709,1,1.004,0.004
710,1.003,1.002,-0.001
711,1.003,0.999,-0.004
712,1.006,1.002,-0.004
713,1.003,1.003,0
714,0.991,0.996,0.005
715,0.997,1,0.003
716,1.003,1.004,0.001
717,0.994,1.002,0.008
718,1.012,1.001,-0.011
719,1,1.002,0.002
720,1.006,1.002,-0.004
721,1,1.001,0.001
722,0.997,0.996,-0.001
723,1,1,0
724,1.003,1.004,0.001
725,1,0.995,-0.005
726,0.997,1.002,0.005
727,1.003,1.001,-0.002
728,1,1.003,0.003
729,1,1.004,0.004
730,1.003,1.001,-0.002
731,1.009,1.004,-0.005
732,0.994,0.999,0.005
733,1,1.003,0.003
734,0.994,0.999,0.005
735,1.003,1.001,-0.002
736,1.006,1.002,-0.003
737,1.003,1.002,-0.001
738,0.997,0.994,-0.003
739,1.006,1.005,-0.001
740,1.011,1.001,-0.01
741,1.011,1.004,-0.008
742,0.994,1.003,0.009
743,1.008,0.999,-0.009
744,1,0.998,-0.002
745,1,1.003,0.003
746,1,0.994,-0.006
747,0.997,1.001,0.004
748,0.997,0.999,0.002
749,1.006,1.004,-0.001
750,0.994,1.001,0.007
751,1.017,0.997,-0.02
752,1.008,1.004,-0.005
753,1.014,1,-0.013
754,0.997,1.005,0.007
755,1,0.999,-0.001
756,1.005,1.004,-0.002
757,0.997,0.999,0.001
758,1.003,1.003,0
759,1.013,1.004,-0.009
760,0.995,1.002,0.007
761,1,0.999,-0.001
762,0.997,0.997,-0.001
763,0.989,0.994,0.004
764,1,1.003,0.003
765,1.003,1.002,0
766,0.997,0.997,-0.001
767,1,1.005,0.005
768,1.005,0.997,-0.008
769,1.003,1.002,0
770,1.003,0.999,-0.004
771,0.987,0.995,0.009
772,0.992,1,0.008
773,1,1.002,0.002
774,0.997,0.996,-0.001
775,0.997,0.999,0.002
776,1,1.004,0.004
777,1.006,1.002,-0.004
778,0.997,0.999,0.001
779,1,1.004,0.004
780,1.006,1.004,-0.002
781,1.011,1,-0.011
782,1.003,1.002,-0.001
783,0.989,1.001,0.012
784,1.014,1.003,-0.01
785,1,1.002,0.002
786,0.992,0.994,0.002
787,0.995,1.002,0.007
788,1.003,1,-0.002
789,0.992,0.995,0.004
790,1.008,1.001,-0.007
791,1.008,1.003,-0.005
792,1.005,1.003,-0.003
793,1,1.003,0.003
794,0.992,0.993,0.001
795,1,1,0
796,0.997,1.003,0.006
797,1.008,1,-0.008
798,0.995,1,0.006
799,1,1.003,0.003
800,1.011,1.004,-0.007
801,1.003,1.003,0
802,1,1,0
803,0.995,1.002,0.007
804,1.005,1,-0.005
805,1,1.002,0.002
806,0.992,1.001,0.009
807,1.003,1.002,-0.001
808,1.005,1.002,-0.004
809,1.003,1.002,-0.001
810,1.018,1.002,-0.016
811,1.013,1.004,-0.009
812,1,1.003,0.003
813,0.995,1.002,0.007
814,1.003,1.003,0.001
815,1,1.001,0.001
816,1,1,0
817,1.003,1.002,0
818,1,0.998,-0.002
819,1.008,1.001,-0.006
820,1.002,1.003,0
821,1.025,1.003,-0.022
822,1.005,1.005,0
823,0.993,0.999,0.007
824,0.998,1.002,0.004
825,1.008,1.002,-0.005
826,0.993,1,0.007
827,0.983,1.002,0.019
828,1.008,0.995,-0.013
829,1.002,1.003,0.001
830,1,0.997,-0.003
831,0.998,1.006,0.008
832,1.005,1.001,-0.004
833,1.015,1,-0.015
834,0.99,1.003,0.013
835,1.002,1.005,0.003
836,1.01,1.002,-0.008
837,1.002,1.001,-0.001
838,1,1.002,0.002
839,1.027,1.002,-0.025
840,0.995,0.997,0.002
841,1.014,1.004,-0.011
842,1.005,1.003,-0.002
843,1,1.001,0.001
844,0.995,0.995,0
845,1,1.003,0.003
846,1.016,1.001,-0.015
847,1.009,1.002,-0.007
848,1.002,0.998,-0.004
849,0.995,1.004,0.008
850,0.995,1.002,0.007
851,1.012,1,-0.011
852,0.984,0.991,0.007
853,0.993,1.005,0.012
854,0.981,0.993,0.011
855,1,1.005,0.005
856,1.014,1.004,-0.01
857,0.991,0.999,0.008
858,0.983,0.988,0.004
859,0.993,0.999,0.006
860,0.993,1.001,0.008
861,1.002,0.993,-0.01
862,1.015,1.005,-0.01
863,0.99,0.998,0.008
864,1.005,1.002,-0.003
865,1,1.004,0.004
866,1.005,0.994,-0.011
867,0.995,1.002,0.007
868,1.005,1.005,0
869,1.005,1.001,-0.004
870,0.998,1.001,0.003
871,0.995,1.002,0.006
872,0.99,0.997,0.006
873,1.002,1,-0.002
874,1.002,1.004,0.001
875,0.993,1.002,0.009
876,1.02,1,-0.02
877,0.995,0.996,0.001
878,0.988,0.998,0.01
879,1.005,1.001,-0.004
880,0.998,1.003,0.005
881,0.956,0.984,0.028
882,1.008,0.998,-0.01
883,0.998,1.002,0.005
884,1.002,1.002,-0.001
885,1.018,1.003,-0.015
886,1.008,1.004,-0.004
887,0.99,1.003,0.012
888,1.022,1.003,-0.02
889,1.012,0.996,-0.016
890,1.002,1.003,0.001
891,1.005,1.003,-0.002
892,1.002,1.001,-0.001
893,1.002,1.001,-0.001
894,1.002,0.995,-0.008
895,1.019,1.003,-0.016
896,0.995,1.004,0.009
897,0.988,0.994,0.006
898,1.01,1.001,-0.008
899,1,1,0
900,1,1.002,0.002
901,0.995,0.994,-0.001
902,1.002,1.001,-0.001
903,1,1.006,0.006
904,0.998,1.004,0.006
905,1,0.995,-0.005
906,0.998,1.003,0.005
907,1,1.002,0.002
908,1.014,0.994,-0.02
909,0.995,1.002,0.007
910,1,1.002,0.002
911,0.995,1,0.005
912,1.009,0.998,-0.012
913,0.995,1.003,0.008
914,0.993,1.002,0.009
915,1.002,0.996,-0.006
916,1.007,1.002,-0.006
917,1.005,1.003,-0.002
918,1,1.002,0.002
919,0.988,0.996,0.008
920,1.007,1.001,-0.006
921,1.002,1.003,0.001
922,0.995,1,0.004
923,0.995,0.998,0.002
924,1.009,1.002,-0.007
925,1,1.002,0.002
926,1.002,1,-0.002
927,1.014,1.003,-0.011
928,0.998,1.002,0.005
929,1.009,0.999,-0.01
930,0.995,1.004,0.008
931,1.005,1,-0.005
932,0.998,1.001,0.003
933,1,1.001,0.001
934,1.005,0.996,-0.009
935,0.998,1.003,0.005
936,1.002,1.001,-0.001
937,0.998,1,0.003
938,0.995,0.995,0
939,1,1.001,0.001
940,1.007,1.004,-0.003
941,1.007,1.002,-0.004
942,1.002,1.003,0.001
943,1.018,1.004,-0.014
944,0.998,1.001,0.003
945,0.98,0.997,0.017
946,0.993,1,0.007
947,1.005,1.001,-0.003
948,1.009,1.001,-0.008
949,1,1.002,0.002
950,1.004,1,-0.004
951,1.004,1.003,-0.002
952,1.002,1.003,0
953,1,1.001,0.001
954,0.998,1.001,0.003
955,1.004,1.003,-0.002
956,1.002,1.001,-0.001
957,0.996,1.001,0.006
958,0.998,0.997,-0.001
959,1.004,1,-0.004
960,1.009,1,-0.009
961,0.998,1.003,0.005
962,0.991,1,0.009
963,1.009,1.004,-0.005
964,0.998,1.002,0.005
965,1.004,1,-0.004
966,0.996,1.001,0.006
967,1,1.001,0.001
968,0.996,1,0.004
969,1,1.004,0.004
970,0.993,0.993,0
971,1,1.001,0.001
972,0.998,1.001,0.003
973,0.996,1.001,0.005
974,0.998,0.998,0
975,1,0.996,-0.004
976,1.004,1.003,-0.001
977,0.987,0.995,0.009
978,1.014,1.004,-0.009
979,1,1.002,0.002
980,1.018,1.003,-0.014
981,0.998,0.995,-0.002
982,0.998,1,0.003
983,1,1.001,0.001
984,0.998,1.003,0.005
985,0.998,1,0.002
986,0.996,1,0.005
987,1.002,1,-0.002
988,0.989,0.996,0.007
989,1,1,0
990,1,1.001,0.001
991,1.007,1.001,-0.006
992,1,1.003,0.003
993,0.998,0.998,0
994,0.996,1.001,0.005
995,0.996,1.001,0.005
996,1.002,0.996,-0.006
997,1,1.003,0.003
998,1.016,1.004,-0.012
999,0.998,1.003,0.005
1000,0.996,1.001,0.005
1001,1.002,0.998,-0.004
1002,1.002,1.002,0
1003,1,1.001,0.001
1004,1.002,0.999,-0.003
1005,1,1.001,0.001
1006,1.002,1.001,-0.001
1007,0.996,1,0.004
1008,1,1,0
1009,0.998,0.996,-0.002
1010,0.998,1.001,0.003
1011,0.998,1.001,0.003
1012,1,0.995,-0.005
1013,1,1.001,0.001
1014,0.998,1,0.002
1015,1,1.001,0.001
1016,1.007,1,-0.006
1017,1,1.003,0.003
1018,1.002,1.001,-0.002
1019,1,1,0
1020,1.002,1.004,0.002
1021,1,1.003,0.003
1022,0.989,0.996,0.007
1023,1.007,1,-0.006
1024,0.991,0.998,0.007
1025,1.004,1.001,-0.003
1026,0.998,1.001,0.003
1027,1.002,1,-0.002
1028,1.002,1,-0.002
1029,0.996,1,0.004
1030,1,1,0
1031,0.998,1.001,0.003
1032,1.004,1,-0.004
1033,1,1.003,0.003
1034,0.998,1,0.002
1035,1.004,1.001,-0.004
1036,1,1.001,0.001
1037,1,1,0
1038,1,1.004,0.004
1039,1,1.003,0.003
1040,0.993,1,0.007
1041,1.007,1.004,-0.003
1042,1.002,0.998,-0.004
1043,1,1.003,0.003
1044,0.998,1.004,0.006
1045,1.002,1.004,0.002
1046,0.998,1.004,0.006
1047,0.996,0.998,0.002
1048,0.993,0.997,0.004
1049,1.002,1.001,-0.001
1050,0.998,0.994,-0.003
1051,1.002,1.004,0.002
1052,0.996,1,0.004
1053,1.002,1.001,-0.001
1054,1,1.001,0.001
1055,0.998,1,0.002
1056,1,1.002,0.002
1057,1.002,1.001,-0.001
1058,0.993,0.998,0.005
1059,0.998,1,0.003
1060,1.002,1,-0.003
1061,0.998,0.998,0
1062,1.011,1,-0.011
1063,1,1.003,0.003
1064,1,1.001,0.001
1065,1.004,1.002,-0.002
1066,0.993,1.001,0.008
1067,1,0.999,-0.001
1068,0.996,1.001,0.005
1069,1.004,1,-0.005
1070,1.007,1,-0.007
1071,0.998,1.002,0.004
1072,0.998,1.001,0.004
1073,1,1.001,0.001
1074,1,1.004,0.004
1075,1.011,1.004,-0.007
1076,0.998,1,0.002
1077,1.002,1.004,0.002
1078,0.998,1.001,0.003
1079,1,1,0
1080,1.002,1.001,-0.001
1081,1.004,1.001,-0.004
1082,0.989,0.995,0.006
1083,0.998,1.001,0.003
1084,1.009,1.001,-0.008
1085,1.002,1.003,0
1086,0.998,1,0.003
1087,1.002,1,-0.002
1088,0.993,1,0.007
1089,0.998,1.001,0.003
1090,1,1,0
1091,1.002,1.002,0
1092,1.004,1.001,-0.003
1093,1.002,1.001,-0.001
1094,1,1,0
1095,0.996,1,0.005
1096,1.002,1.001,-0.002
1097,0.996,0.998,0.003
1098,1,1.001,0.001
1099,1.007,1.001,-0.006
1100,1,1,0
1101,0.998,1.001,0.003
1102,0.996,1.001,0.006
1103,1,0.998,-0.002
1104,0.996,1.004,0.008
1105,1,1.004,0.004
1106,1.002,1.004,0.002
1107,0.993,0.994,0.001
1108,1.004,1,-0.004
1109,1,1.002,0.002
1110,1.004,1.001,-0.004
1111,0.996,0.998,0.002
1112,1.002,1.001,-0.001
1113,0.998,0.995,-0.003
1114,1.007,1,-0.007
1115,0.989,0.999,0.01
1116,1,0.998,-0.002
1117,1.004,1.004,0
1118,1.002,1.001,-0.001
1119,0.98,1.004,0.024
1120,0.991,0.992,0.002
1121,1.002,0.997,-0.005
1122,1.005,1.002,-0.003
1123,0.995,1.001,0.005
1124,1.009,1,-0.009
1125,1.005,1.002,-0.002
1126,1.002,1,-0.002
1127,1,1.001,0.001
1128,1.004,1.002,-0.002
1129,1.002,1.002,0
1130,1,1.001,0.001
1131,1.004,1.001,-0.004
1132,1,0.998,-0.002
1133,1.004,1.003,-0.002
1134,1.002,1.001,-0.001
1135,0.998,1.004,0.006
1136,1,1.004,0.004
1137,0.998,1,0.002
1138,1.002,1,-0.002
1139,1,1.001,0.001
1140,0.998,1,0.003
1141,1.002,1.004,0.002
1142,0.998,0.995,-0.003
1143,1,1.004,0.004
1144,1,1.004,0.004
1145,1.004,1.004,-0.001
1146,0.996,1,0.004
1147,1.002,1.004,0.002
1148,0.993,0.995,0.002
1149,1.007,1.001,-0.006
1150,1,1.002,0.002
1151,1.004,1.004,-0.001
1152,0.987,0.995,0.008
1153,1,0.999,-0.001
1154,1,1,0
1155,1.002,1.004,0.002
1156,1,1.001,0.001
1157,1.004,0.998,-0.007
1158,1,1.003,0.003
1159,1,1.004,0.004
1160,1,1.001,0.001
1161,1.002,1.001,-0.001
1162,1.002,1,-0.002
1163,0.998,1,0.002
1164,1,1.001,0.001
1165,1.002,1.003,0.001
1166,1,0.998,-0.002
1167,1.002,1.003,0.001
1168,1.002,1.001,-0.001
1169,0.996,0.997,0.002
1170,1,1.001,0.001
1171,1,1.004,0.004
1172,1.002,1.004,0.002
1173,0.996,1.001,0.005
1174,0.998,1.001,0.003
1175,1.001,1.004,0.003
1176,1,1,0
1177,1.001,1.002,0.001
1178,1.001,1.001,0
1179,0.994,0.996,0.001
1180,1.011,1,-0.011
1181,0.998,1.003,0.005
1182,0.99,0.993,0.003
1183,1.001,1.003,0.002
1184,1.003,1,-0.003
1185,1,1.001,0.001
1186,0.997,1,0.004
1187,1.001,1.002,0.001
1188,1.004,1.002,-0.002
1189,0.999,0.996,-0.003
1190,1.003,1.002,-0.002
1191,1,1.001,0.001
1192,1,0.996,-0.004
1193,1.002,1.002,0
1194,1.001,1.001,0
1195,1.006,1.001,-0.005
1196,1.003,1.002,-0.001
1197,0.996,1,0.004
1198,1.001,0.999,-0.002
1199,1,1.002,0.002
1200,1.001,1.001,0
1201,1,1,0
1202,1,1,0
1203,0.999,1.001,0.002
1204,1.001,1,-0.001
1205,0.999,1.002,0.003
1206,1.003,1.004,0.001
1207,1.002,0.999,-0.003
1208,1,1.002,0.002
1209,0.998,1,0.003
1210,1.003,1.001,-0.002
1211,1.003,1.003,0
1212,1,1,0
1213,1.002,1.001,-0.001
1214,0.996,1.001,0.006
1215,0.999,1,0.001
1216,1.001,0.996,-0.006
1217,1,1.003,0.003
1218,1,0.998,-0.002
1219,1.006,1.002,-0.004
1220,0.991,1.002,0.011
1221,1.003,0.997,-0.006
1222,1.002,0.999,-0.003
1223,0.999,1.001,0.002
1224,1,0.999,-0.001
1225,0.999,1.001,0.003
1226,1.002,1.001,-0.001
1227,0.999,0.998,-0.001
1228,0.998,1.002,0.004
1229,1.003,1.003,-0.001
1230,1,1.001,0.001
1231,1.007,1.002,-0.005
1232,0.998,1,0.002
1233,1.001,1.001,-0.001
1234,0.999,0.995,-0.004
1235,0.997,1,0.003
1236,1.001,1.004,0.003
1237,1.006,1.001,-0.005
1238,1,0.995,-0.005
1239,1.008,1.004,-0.003
1240,1.011,1.002,-0.009
1241,0.992,0.995,0.003
1242,1,1.002,0.002
1243,0.991,0.995,0.003
1244,0.995,0.998,0.004
1245,0.999,0.999,0
1246,0.997,1,0.003
1247,1.004,1.003,-0.002
1248,0.986,0.99,0.005
1249,1.004,1.004,0
1250,1.013,0.995,-0.018
1251,0.992,1,0.008
1252,0.997,1.005,0.008
1253,0.993,0.999,0.005
1254,0.999,1.002,0.003
1255,1.002,1.002,0
1256,0.995,0.995,0
1257,0.993,1.001,0.008
1258,1.01,1.004,-0.006
1259,0.997,0.995,-0.001
1260,1,1.001,0.001
1261,1,1,0
1262,1.013,1.006,-0.008
1263,0.998,1.001,0.003
1264,1.002,1.002,-0.001
1265,1.006,1.002,-0.004
1266,0.992,0.997,0.005
1267,1.003,0.998,-0.005
1268,1.001,1.002,0.001
1269,1.009,1.002,-0.007
1270,0.998,1.002,0.004
1271,0.991,0.998,0.007
1272,1.004,1.002,-0.002
1273,1.003,0.999,-0.004
1274,1.008,1,-0.008
1275,1.006,1.003,-0.004
1276,0.987,0.995,0.008
1277,1.003,1.002,-0.001
1278,0.996,1,0.004
1279,1.005,1.002,-0.004
1280,0.995,1,0.006
1281,1.001,1.001,0
1282,1.006,0.998,-0.008
1283,0.998,1,0.002
1284,0.998,0.998,0
1285,0.997,1.001,0.004
1286,1.005,1.001,-0.004
1287,0.995,0.995,0
1288,0.999,1.004,0.005
1289,0.996,0.997,0.002
1290,1.006,1.001,-0.004
1291,0.999,1.001,0.002
1292,1,0.995,-0.005
1293,0.997,1.002,0.005
1294,0.999,1.002,0.003
1295,0.997,1.002,0.005
1296,1,1.001,0.001
1297,1.006,1.001,-0.005
1298,0.999,0.998,-0.001
1299,1.001,1.001,-0.001
1300,0.998,1.002,0.004
1301,1,1.002,0.002
1302,1.008,1.004,-0.004
1303,0.997,0.998,0.001
1304,0.991,0.998,0.007
1305,0.988,0.995,0.008
1306,0.999,1.005,0.006
1307,0.991,0.989,-0.002
1308,0.982,1.002,0.02
1309,0.994,0.994,0
1310,1.016,1.005,-0.011
1311,0.999,1.002,0.003
1312,0.996,1.001,0.005
1313,1.006,1.003,-0.003
1314,1.002,1.003,0.001
1315,0.999,1,0.001
1316,1.001,1.003,0.002
1317,0.999,0.994,-0.005
1318,0.999,1.001,0.002
1319,1.001,1.002,0.001
1320,0.993,1.004,0.011
1321,1.007,0.999,-0.007
1322,1.002,1.002,-0.001
1323,1,1.003,0.003
1324,1.003,1.001,-0.003
1325,0.996,1.001,0.005
1326,1,1.003,0.003
1327,1.001,1.004,0.003
1328,0.994,0.995,0.001
1329,0.999,1.004,0.005
1330,0.997,0.996,-0.001
1331,0.994,1.003,0.008
1332,1,1,0
1333,1.005,0.998,-0.007
1334,0.987,1.001,0.014
1335,0.999,1.002,0.003
1336,1.01,1,-0.01
1337,0.999,1.002,0.003
1338,1.002,1.003,0.001
1339,1,1.001,0.001
1340,1.005,1,-0.004
1341,1,1.002,0.002
1342,0.998,1.003,0.005
1343,1.007,1,-0.006
1344,1.004,1.002,-0.002
1345,1.002,1,-0.003
1346,1.008,1.002,-0.006
1347,1.001,1.001,-0.001
1348,0.998,1.002,0.004
1349,1.006,1,-0.005
1350,1.003,1,-0.003
1351,1,1.002,0.002
1352,0.998,0.995,-0.003
1353,0.997,1.001,0.004
1354,1,1,0
1355,1.002,1.001,-0.001
1356,0.992,0.998,0.006
1357,1.009,1.001,-0.008
1358,1,1.002,0.002
1359,1,1.003,0.003
1360,1,0.996,-0.004
1361,1.002,1.003,0.001
1362,0.999,1.002,0.004
1363,0.999,0.996,-0.003
1364,1.003,1.002,-0.001
1365,1.001,1.002,0
1366,1.007,0.997,-0.01
1367,1.002,1.002,0
1368,1.001,1.003,0.002
1369,0.999,1,0.002
1370,1.001,1.003,0.002
1371,1.003,1.002,-0.002
1372,0.997,1,0.003
1373,1.014,1.004,-0.011
1374,1.002,1.001,-0.001
1375,1.002,1.002,0
1376,0.983,1.001,0.018
1377,0.992,0.993,0
1378,1.008,1.002,-0.005
1379,0.992,1,0.008
1380,1,1.003,0.003
1381,1.01,1.004,-0.006
1382,0.999,1.001,0.002
1383,0.992,0.994,0.002
1384,1.001,1.001,-0.001
1385,0.999,1,0.001
1386,0.993,0.995,0.002
1387,1.002,1.001,-0.002
1388,1.004,1.001,-0.003
1389,0.998,1.002,0.004
1390,1.009,1.002,-0.007
1391,1.004,1.003,-0.002
1392,1.008,1.003,-0.005
1393,0.999,1.003,0.004
1394,1.006,1.004,-0.003
1395,0.991,0.995,0.004
1396,1,0.999,-0.001
1397,1.006,1.002,-0.005
1398,0.995,0.998,0.003
1399,0.998,0.998,0.001
1400,1.009,1.002,-0.007
1401,0.998,1.001,0.003
1402,0.99,0.998,0.008
1403,0.997,1.002,0.006
1404,1.002,0.997,-0.005
1405,0.982,0.996,0.014
1406,1.004,1.003,-0.002
1407,0.992,1,0.008
1408,1.012,1.001,-0.011
1409,1.001,0.998,-0.003
1410,0.997,1.002,0.006
1411,0.982,0.996,0.014
1412,1.008,1.005,-0.003
1413,0.992,0.992,0
1414,0.998,1.005,0.007
1415,1.004,1.002,-0.002
1416,1.007,1.002,-0.005
1417,0.984,0.997,0.012
1418,1.008,1,-0.008
1419,1.003,1.003,0
1420,0.997,0.998,0.001
1421,1.006,1,-0.005
1422,0.998,1.001,0.003
1423,1.004,1.004,0
1424,0.994,0.998,0.004
1425,1.003,1.001,-0.003
1426,1.002,1,-0.002
1427,1.013,0.999,-0.014
1428,0.996,1,0.004
1429,0.993,1,0.007
1430,1.007,1,-0.007
1431,0.996,1.003,0.008
1432,1.006,0.998,-0.008
1433,1.004,1.001,-0.004
1434,1.001,1.004,0.003
1435,1.008,1,-0.008
1436,1,1.001,0.001
1437,1,0.998,-0.002
1438,1,1.003,0.003
1439,1.001,1.002,0.001
1440,1.002,1.001,-0.001
1441,0.994,0.995,0.001
1442,1.002,1.002,0
1443,0.995,1,0.006
1444,1,1,0
1445,0.997,1,0.004
1446,1.004,0.999,-0.005
1447,1.004,1,-0.004
1448,0.992,1.001,0.009
1449,1.006,1.002,-0.004
1450,1.004,1.003,-0.002
1451,1,0.999,-0.001
1452,1.004,1.003,-0.002
1453,1,1.002,0.002
1454,1.003,1.001,-0.002
1455,1.001,0.998,-0.003
1456,1.002,0.999,-0.003
1457,1,1.001,0.001
1458,1,1.002,0.002
1459,0.996,0.995,-0.001
1460,1,1.001,0.001
1461,1.005,1,-0.006
1462,0.998,1.004,0.006
1463,1,1,0
1464,1.009,1.002,-0.007
1465,1.005,1.001,-0.005
1466,1.018,1.002,-0.016
1467,0.999,1.003,0.004
1468,1.025,1.005,-0.02
1469,0.988,0.997,0.01
1470,0.988,0.996,0.009
1471,1.009,1.004,-0.005
1472,0.997,0.996,-0.001
1473,1.008,1.005,-0.004
1474,0.995,0.998,0.003
1475,1.003,0.996,-0.007
1476,1.01,1.004,-0.006
1477,1.012,1.004,-0.008
1478,1.002,1.003,0.001
1479,1.014,1.002,-0.012
1480,1.003,1.003,0
1481,1,1.001,0.001
1482,0.978,0.99,0.012
1483,1.005,1.002,-0.003
1484,0.994,1.003,0.009
1485,0.989,0.993,0.004
1486,1.013,1.001,-0.012
1487,1.002,1.003,0.001
1488,1.002,0.999,-0.003
1489,1.012,1.003,-0.009
1490,1.012,1.004,-0.007
1491,0.982,0.992,0.01
1492,0.994,0.999,0.005
1493,0.991,1.004,0.013
1494,0.991,0.997,0.006
1495,1.002,0.998,-0.004
1496,0.992,0.995,0.004
1497,1.002,1.004,0.002
1498,0.987,0.994,0.007
1499,0.985,0.997,0.012
1500,1.003,1.004,0.001
1501,1.006,0.995,-0.011
1502,1.01,1,-0.01
1503,1.002,1.003,0.001
1504,1.004,1.003,-0.001
1505,0.998,0.993,-0.005
1506,1.001,1.002,0.001
1507,1.006,0.999,-0.008
1508,1.004,1.003,-0.001
1509,0.997,1.002,0.005
1510,0.998,1.001,0.003
1511,1.002,1,-0.002
1512,1,1.002,0.002
1513,0.996,0.999,0.004
1514,1.003,1.002,-0.002
1515,0.999,0.998,-0.001
1516,1.002,1.002,0
1517,0.998,1.003,0.005
1518,1.008,1.002,-0.006
1519,0.995,0.998,0.004
1520,1.025,1.005,-0.02
1521,1.005,0.995,-0.01
1522,1.016,1.007,-0.009
1523,0.995,1.003,0.008
1524,1.019,1.004,-0.015
1525,1.002,1.003,0.001
1526,0.996,1.003,0.007
1527,0.993,0.997,0.003
1528,0.991,0.999,0.008
1529,0.987,0.996,0.008
1530,1.011,1.001,-0.01
1531,1.014,1.002,-0.012
1532,1.002,0.997,-0.004
1533,0.999,1.001,0.002
1534,0.993,1.003,0.009
1535,1,1.001,0.001
1536,1.004,1.003,-0.001
1537,0.996,1,0.004
1538,1.001,0.999,-0.002
1539,0.99,1,0.01
1540,0.998,1,0.002
1541,1.01,0.996,-0.014
1542,1.014,1.002,-0.011
1543,1.008,1.005,-0.003
1544,0.977,0.987,0.01
1545,1.019,1.004,-0.014
1546,1.014,1.004,-0.011
1547,1.01,1.004,-0.006
1548,1.005,0.995,-0.01
1549,1,1.001,0.001
1550,0.999,1.003,0.004
1551,1.018,1.003,-0.014
1552,1.054,1.006,-0.048
1553,1.017,1.001,-0.016
1554,0.992,1.005,0.013
1555,0.976,0.995,0.02
1556,1,0.992,-0.008
1557,1.018,1.003,-0.014
1558,1.017,1.005,-0.013
1559,0.98,0.999,0.02
1560,1,1.001,0.001
1561,1.012,1.004,-0.008
1562,1.008,0.993,-0.015
1563,0.992,0.995,0.003
1564,0.993,1.002,0.009
1565,1.004,1.005,0.001
1566,1,0.997,-0.003
1567,0.999,0.995,-0.004
1568,0.997,0.995,-0.001
1569,0.984,1.001,0.018
1570,1.013,1.001,-0.013
1571,0.987,0.992,0.005
1572,1.003,1.004,0.001
1573,1.001,0.995,-0.006
1574,1.007,1.002,-0.005
1575,0.994,1.005,0.011
1576,1.019,0.997,-0.023
1577,1.007,1.004,-0.003
1578,1.004,1.003,-0.001
1579,1.008,1.003,-0.005
1580,1,1.003,0.003
1581,0.99,0.994,0.005
1582,1.003,0.996,-0.007
1583,1.007,1.002,-0.005
1584,1.006,1.001,-0.005
1585,0.995,1,0.005
1586,1.002,1.008,0.005
1587,1,0.997,-0.003
1588,0.996,1.002,0.006
1589,1.002,1.002,0
1590,1.007,1.003,-0.004
1591,0.999,1.001,0.002
1592,0.994,1.003,0.009
1593,0.997,0.995,-0.001
1594,1.001,1.001,0
1595,1.002,1.002,0
1596,0.986,0.996,0.011
1597,1.01,1.001,-0.009
1598,1.007,1.005,-0.002
1599,0.996,1.002,0.007
1600,1,1.003,0.003
1601,1.007,1.004,-0.003
1602,0.996,0.992,-0.003
1603,1.003,1.003,0
1604,0.998,1,0.002
1605,0.997,1.001,0.005
1606,0.976,0.995,0.019
1607,0.994,0.994,0
1608,0.966,0.986,0.02
1609,0.981,1,0.019
1610,1.022,0.992,-0.03
1611,1.004,0.999,-0.004
1612,1.003,1.001,-0.002
1613,1.005,1.005,0
1614,0.998,1.003,0.005
1615,1.004,0.999,-0.004
1616,0.967,1.003,0.036
1617,1.028,0.994,-0.034
1618,0.982,1.005,0.022
1619,1.003,0.997,-0.005
1620,1.001,1.005,0.004
1621,1.002,1,-0.002
1622,1.024,1.002,-0.023
1623,0.998,1.007,0.009
1624,0.993,0.997,0.004
1625,0.995,1.001,0.007
1626,1.016,0.998,-0.019
1627,1.019,0.999,-0.019
1628,1.01,1.004,-0.005
1629,0.997,0.999,0.002
1630,0.998,0.999,0.001
1631,1.019,1.003,-0.016
1632,0.99,1.003,0.013
1633,1,1.003,0.003
1634,1,1.004,0.004
1635,1.027,1.004,-0.023
1636,1,0.993,-0.007
1637,0.972,1.001,0.029
1638,0.995,1,0.005
1639,1.002,0.998,-0.004
1640,1,1.003,0.003
1641,1.002,1,-0.002
1642,0.98,0.999,0.019
1643,1.008,0.996,-0.012
1644,1.018,1.005,-0.013
1645,0.999,1.004,0.005
1646,1.011,1.002,-0.009
1647,1.013,1.003,-0.01
1648,0.987,1,0.014
1649,1.007,1.001,-0.006
1650,0.964,0.987,0.023
1651,1.028,1.001,-0.026
1652,1.01,1.005,-0.005
1653,1.008,1.001,-0.006
1654,0.993,0.998,0.004
1655,0.976,0.994,0.018
1656,1.007,1.002,-0.004
1657,0.992,1.004,0.013
1658,0.996,0.999,0.003
1659,1.009,1,-0.009
1660,0.983,0.995,0.012
1661,1.002,1.003,0.002
1662,1.001,0.999,-0.002
1663,0.99,0.999,0.009
1664,1.006,1.001,-0.005
1665,0.983,0.995,0.012
1666,0.992,0.994,0.002
1667,0.987,0.997,0.011
1668,0.999,1.005,0.006
1669,1.002,0.994,-0.008
1670,0.999,1.001,0.002
1671,0.998,1.003,0.005
1672,1.01,0.999,-0.011
1673,1,1.001,0.001
1674,1,1.001,0.001
1675,0.996,1,0.004
1676,0.992,0.997,0.005
1677,0.999,1.003,0.004
1678,0.99,1,0.01
1679,1.001,0.997,-0.004
1680,0.99,1,0.011
1681,0.997,0.998,0.001
1682,1.02,1.001,-0.02
1683,0.993,1.003,0.011
1684,1,1.001,0.001
1685,0.985,0.994,0.009
1686,1.003,1.005,0.002
1687,0.99,0.991,0.001
1688,0.996,1.001,0.005
1689,1.001,1.001,0
1690,1.006,0.994,-0.011
1691,1,1.003,0.003
1692,1.014,1.001,-0.013
1693,0.986,0.997,0.01
1694,0.985,0.999,0.014
1695,1.014,1.004,-0.01
1696,0.989,0.993,0.004
1697,1.007,1,-0.006
1698,1.001,1.003,0.002
1699,0.998,1.001,0.003
1700,0.998,1.001,0.003
1701,1.007,1,-0.007
1702,0.99,0.998,0.009
1703,0.995,1.001,0.006
1704,1.014,1.001,-0.014
1705,1.007,1.002,-0.005
1706,0.997,1.006,0.009
1707,1.013,0.995,-0.018
1708,1,1.003,0.003
1709,0.997,1.001,0.003
1710,1,0.997,-0.003
1711,1.006,1.003,-0.004
1712,1.003,1.003,0
1713,0.987,0.998,0.011
1714,0.996,0.995,-0.002
1715,0.994,1,0.007
1716,0.995,1.004,0.008
1717,0.995,0.996,0
1718,1.008,1,-0.007
1719,0.992,0.998,0.006
1720,0.991,0.993,0.003
1721,0.998,1.005,0.006
1722,1.008,1.001,-0.007
1723,0.983,0.995,0.013
1724,0.999,0.996,-0.003
1725,1.02,1.001,-0.019
1726,0.991,0.995,0.004
1727,0.981,0.999,0.018
1728,0.998,0.994,-0.004
1729,1.03,0.993,-0.037
1730,1.02,1.006,-0.014
1731,0.983,0.994,0.011
1732,1.017,1.005,-0.012
1733,1.006,1.005,-0.002
1734,1.005,1.001,-0.004
1735,1.005,1.004,0
1736,0.984,0.995,0.01
1737,1.009,1.001,-0.008
1738,1.009,1.003,-0.006
1739,0.984,1.001,0.017
1740,0.994,0.998,0.004
1741,1.01,0.997,-0.013
1742,1.014,1.005,-0.009
1743,1.01,1,-0.01
1744,0.998,1.007,0.009
1745,0.989,0.992,0.003
1746,1.001,1.005,0.004
1747,1.004,1.004,0
1748,0.997,0.998,0
1749,0.997,1.003,0.006
1750,0.997,0.996,-0.002
1751,1.018,1,-0.017
1752,0.988,0.999,0.011
1753,0.996,1.003,0.007
1754,0.995,1.002,0.007
1755,0.996,1.001,0.004
1756,0.997,1.001,0.004
1757,1.008,1.005,-0.003
1758,1.001,1,-0.001
1759,0.99,0.995,0.005
1760,1.009,1.003,-0.006
1761,0.992,0.997,0.005
1762,0.98,0.988,0.007
1763,1.007,1,-0.007
1764,1.007,1.004,-0.003
1765,0.998,0.998,0
1766,1.006,1.003,-0.003
1767,0.988,0.996,0.008
1768,0.995,0.999,0.004
1769,1.001,1.001,0
1770,0.997,0.998,0.001
1771,1.019,1,-0.019
1772,0.985,1.003,0.018
1773,0.998,1.004,0.006
1774,1,1.002,0.002
1775,1.006,0.992,-0.014
1776,1.001,1.001,0
1777,1,1.001,0.001
1778,0.996,1.001,0.005
1779,1.002,1.001,-0.001
1780,1.001,1.002,0.001
1781,0.996,0.996,0
1782,1.004,1.003,-0.001
1783,0.995,1,0.005
1784,0.999,1.001,0.002
1785,1.007,1,-0.006
1786,0.998,1.001,0.003
1787,0.987,1.002,0.015
1788,1.001,0.998,-0.003
1789,0.994,1,0.006
1790,0.99,0.994,0.004
1791,1.011,0.997,-0.014
1792,1.008,1.006,-0.002
1793,0.995,1.001,0.006
1794,0.999,1.001,0.002
1795,0.991,0.993,0.001
1796,0.998,1,0.002
1797,1.008,1.001,-0.007
1798,0.992,0.998,0.006
1799,1.04,1.005,-0.035
1800,0.981,0.997,0.015
1801,1.006,1,-0.006
1802,1.019,1.003,-0.016
1803,0.989,1.006,0.017
1804,1.004,0.998,-0.006
1805,1.006,0.995,-0.012
1806,1.019,1.005,-0.014
1807,1.002,1.003,0.001
1808,0.995,1.001,0.006
1809,0.996,0.994,-0.002
1810,0.999,1.004,0.005
1811,1.001,1.002,0.001
1812,0.994,0.995,0.002
1813,1.006,0.999,-0.008
1814,0.992,1.002,0.01
1815,0.999,0.998,-0.001
1816,0.998,1.003,0.005
1817,1.002,1.003,0.002
1818,1.012,1,-0.012
1819,1.01,1.002,-0.008
1820,0.99,1.001,0.011
1821,1,1.005,0.005
1822,1.004,1.004,0
1823,0.988,0.989,0.001
1824,0.993,0.996,0.004
1825,0.991,1.003,0.012
1826,1.012,1.003,-0.009
1827,0.998,0.996,-0.002
1828,1.058,1.002,-0.056
1829,1.008,0.997,-0.011
1830,1.03,1.005,-0.026
1831,0.995,1.003,0.008
1832,1.005,1.002,-0.003
1833,1.006,1.001,-0.005
1834,1.032,1.001,-0.031
1835,0.997,1.004,0.008
1836,0.989,0.999,0.01
1837,1.003,0.986,-0.017
1838,1.007,1.004,-0.003
1839,0.996,1.001,0.005
1840,0.974,0.999,0.025
1841,1.023,0.984,-0.039
1842,1.01,1.006,-0.004
1843,1.01,1.001,-0.009
1844,0.995,1.005,0.01
1845,0.998,0.993,-0.005
1846,1.01,1.007,-0.003
1847,1.004,1.002,-0.002
1848,1.018,1.005,-0.014
1849,1.025,1.004,-0.021
1850,1.031,1.005,-0.026
1851,0.97,0.999,0.029
1852,0.97,0.999,0.029
1853,1,1.001,0.001
1854,1.019,1.004,-0.015
1855,0.97,0.984,0.014
1856,0.994,1.001,0.007
1857,1.002,1.002,0
1858,0.974,0.994,0.02
1859,1.008,0.999,-0.01
1860,1.005,1.004,-0.001
1861,0.977,0.996,0.019
1862,1.015,0.999,-0.016
1863,1.002,1.003,0
1864,1.038,1.002,-0.036
1865,1.009,1.005,-0.004
1866,1.003,1.006,0.003
1867,0.974,0.993,0.019
1868,0.998,1,0.003
1869,0.978,0.996,0.018
1870,0.984,1,0.016
1871,0.993,0.992,0
1872,0.994,1.004,0.01
1873,0.99,1.001,0.011
1874,1.043,0.992,-0.051
1875,1.031,0.998,-0.033
1876,1.011,1.005,-0.006
1877,1,0.998,-0.002
1878,1.016,1.002,-0.013
1879,1.014,1.005,-0.009
1880,1,0.993,-0.007
1881,0.995,1.004,0.009
1882,0.976,0.987,0.011
1883,0.996,1,0.004
1884,1,1.004,0.004
1885,1.025,1.004,-0.021
1886,1.001,0.994,-0.007
1887,0.999,1.002,0.004
1888,0.999,0.999,0
1889,0.994,0.997,0.003
1890,0.985,1.001,0.016
1891,1.011,0.997,-0.014
1892,0.981,0.99,0.008
1893,0.986,1.003,0.017
1894,0.995,1.004,0.009
1895,1.003,0.993,-0.01
1896,1.014,1,-0.015
1897,1.01,1.006,-0.003
1898,1.006,1.002,-0.004
1899,0.995,1.002,0.007
1900,1.02,1,-0.021
1901,1.007,1.006,-0.001
1902,0.982,0.999,0.017
1903,1.009,1,-0.009
1904,1.006,1.001,-0.005
1905,0.985,1.002,0.017
1906,0.999,0.998,-0.001
1907,0.983,0.991,0.008
1908,0.994,0.998,0.004
1909,0.988,1.001,0.013
1910,1.021,1.003,-0.018
1911,1.002,1.002,0
1912,0.977,0.996,0.019
1913,1.023,1.001,-0.022
1914,0.965,0.987,0.022
1915,0.988,0.999,0.012
1916,1.013,1,-0.013
1917,1.002,0.997,-0.004
1918,1,1.003,0.003
1919,0.994,1,0.006
1920,1.023,1.004,-0.019
1921,1.001,0.994,-0.007
1922,1.002,1.003,0.001
1923,1,0.996,-0.004
1924,0.999,1.001,0.002
1925,0.988,1.001,0.013
1926,1.009,0.997,-0.012
1927,0.999,1.003,0.004
1928,1,1,0
1929,1.003,1.003,0
1930,1.013,1.001,-0.012
1931,1.019,1.004,-0.015
1932,1.012,1.005,-0.008
1933,1.085,1.004,-0.081
1934,0.938,0.995,0.056
1935,0.999,1.001,0.002
1936,1.006,1.004,-0.002
1937,1.023,1.004,-0.018
1938,0.996,1.004,0.009
1939,0.977,1.001,0.024
1940,0.993,1.001,0.008
1941,0.99,0.985,-0.005
1942,1.002,1.004,0.002
1943,1.003,1.003,0
1944,1.009,0.997,-0.012
1945,1.003,1.004,0.001
1946,1.002,1.001,-0.002
1947,0.989,1,0.012
1948,1.018,0.993,-0.025
1949,0.995,1.002,0.007
1950,1.002,1.004,0.001
1951,1.021,0.994,-0.027
1952,1.003,1.008,0.005
1953,0.982,0.993,0.012
1954,1.001,0.995,-0.006
1955,0.997,1.002,0.005
1956,1.006,1.005,-0.001
1957,0.998,0.993,-0.005
1958,0.988,1.004,0.016
1959,0.984,0.994,0.01
1960,0.992,1.002,0.009
1961,1,0.986,-0.014
1962,0.988,0.994,0.006
1963,1.006,1.002,-0.004
1964,1.008,1.003,-0.005
1965,0.978,0.999,0.02
1966,1.006,1.001,-0.004
1967,1.01,1.003,-0.007
1968,0.988,0.996,0.008
1969,1.017,1.006,-0.012
1970,0.992,0.996,0.003
1971,0.995,0.999,0.004
1972,0.994,0.998,0.005
1973,1.014,1.002,-0.012
1974,1.008,1.004,-0.004
1975,0.995,1.002,0.007
1976,1.001,0.996,-0.005
1977,1.009,1.003,-0.006
1978,0.983,0.991,0.009
1979,1.014,1.005,-0.009
1980,1.013,1.002,-0.011
1981,0.986,0.997,0.012
1982,1.013,1.001,-0.012
1983,1.01,1.003,-0.008
1984,1.021,0.994,-0.027
1985,1.016,1.005,-0.011
1986,0.978,0.996,0.017
1987,1.006,1.003,-0.003
1988,0.981,1.002,0.022
1989,1,0.994,-0.006
1990,1.014,0.998,-0.016
1991,1.007,1,-0.008
1992,1,1.006,0.006
1993,0.971,0.992,0.02
1994,1.03,1,-0.03
1995,0.984,0.992,0.008
1996,1.002,1.003,0.001
1997,0.99,0.996,0.006
1998,0.978,1.002,0.024
1999,0.964,0.985,0.021
2000,1.018,0.999,-0.019
2001,0.992,1.004,0.012
2002,1.019,1.002,-0.017
2003,1.023,1.002,-0.021
2004,1.011,1,-0.01
2005,0.998,0.993,-0.005
2006,0.99,1.003,0.013
2007,0.989,0.992,0.003
2008,1.009,1.002,-0.007
2009,0.986,0.996,0.01
2010,0.988,1,0.012
2011,0.995,0.984,-0.01
2012,0.978,0.999,0.021
2013,0.971,0.993,0.022
2014,1.01,1,-0.01
2015,1.034,1.006,-0.028
2016,0.998,0.994,-0.005
2017,0.987,1.004,0.018
2018,0.998,1.004,0.006
2019,0.992,1,0.008
2020,1.024,0.988,-0.037
2021,0.99,0.998,0.008
2022,1.039,1.004,-0.036
2023,0.995,0.996,0.001
2024,0.992,1,0.008
2025,0.994,1.003,0.009
2026,0.98,1.001,0.022
2027,0.989,0.984,-0.005
2028,0.983,1.001,0.018
2029,0.974,0.983,0.008
2030,0.987,1.006,0.018
2031,0.952,1,0.048
2032,0.97,0.996,0.026
2033,1.012,0.992,-0.02
2034,1.028,1.004,-0.024
2035,1,0.995,-0.005
2036,0.996,1.002,0.006
2037,0.969,0.995,0.027
2038,0.993,1,0.007
2039,0.941,0.982,0.04
2040,0.99,0.982,-0.008
2041,1.05,1.009,-0.041
2042,1.048,1.003,-0.045
2043,0.978,1.006,0.027
2044,1.032,0.998,-0.034
2045,0.991,1.005,0.014
2046,1.029,1.002,-0.027
2047,0.942,0.984,0.043
2048,1.038,1.004,-0.034
2049,1.017,1.004,-0.013
2050,0.996,1.001,0.005
2051,0.999,0.994,-0.005
2052,0.944,0.994,0.051
2053,1.002,1,-0.002
2054,1.031,1.006,-0.025
2055,0.99,0.999,0.009
2056,0.999,0.988,-0.012
2057,0.981,1.006,0.025
2058,1.026,0.997,-0.028
2059,0.977,0.994,0.017
2060,1.006,1.001,-0.005
2061,1.028,1.006,-0.022
2062,1.002,1.001,0
2063,1.002,0.999,-0.003
2064,0.999,1.005,0.006
2065,0.979,1.005,0.026
2066,1.004,0.991,-0.013
2067,0.985,1.001,0.016
2068,1.005,0.995,-0.009
2069,1.038,1.006,-0.032
2070,0.995,1.005,0.01
2071,0.982,0.996,0.014
2072,0.971,0.996,0.025
2073,0.988,1.001,0.013
2074,1.023,0.997,-0.026
2075,0.981,0.992,0.011
2076,0.996,1.001,0.005
2077,0.983,0.988,0.006
2078,0.995,1.004,0.009
2079,0.996,0.988,-0.008
2080,1.025,1.004,-0.021
2081,1.006,0.997,-0.008
2082,0.99,1.001,0.011
2083,1,1.005,0.005
2084,1.013,1.004,-0.009
2085,1.01,0.994,-0.016
2086,1.001,1.004,0.003
2087,0.994,0.999,0.005
2088,1.008,1.005,-0.003
2089,0.988,0.994,0.006
2090,0.996,0.996,0
2091,0.997,1.001,0.004
2092,1.006,1,-0.005
2093,0.997,0.999,0.002
2094,1.012,1.003,-0.009
2095,1.005,1.003,-0.002
2096,1,1,0
2097,0.993,1.004,0.011
2098,1.004,0.992,-0.012
2099,1.003,1,-0.003
2100,1.001,1.007,0.006
2101,0.996,0.997,0.001
2102,0.992,0.986,-0.006
2103,0.987,1.001,0.014
2104,0.989,0.997,0.008
2105,1.004,1.002,-0.002
2106,1,1.001,0.001
2107,1.032,1.004,-0.028
2108,0.998,0.995,-0.004
2109,1.002,1.004,0.002
2110,1,1.001,0.001
2111,0.994,0.992,-0.003
2112,0.986,1.001,0.015
2113,1.001,1,-0.001
2114,0.997,1.007,0.01
2115,1.007,1,-0.007
2116,1.001,1.002,0.001
2117,0.999,0.998,-0.001
2118,1,1.002,0.002
2119,1.002,1.004,0.002
2120,0.999,0.999,0
2121,1.012,1.001,-0.011
2122,1.013,1.003,-0.01
2123,0.993,0.996,0.004
2124,1.027,1.001,-0.026
2125,0.992,1.005,0.013
2126,1.024,1,-0.024
2127,1.004,1.003,0
2128,1.033,1.002,-0.031
2129,0.992,1,0.008
2130,0.994,0.999,0.005
2131,0.982,0.989,0.007
2132,0.978,0.997,0.019
2133,1,0.998,-0.002
2134,1.02,1.003,-0.017
2135,0.995,1.005,0.011
2136,0.986,1.001,0.015
2137,0.995,0.999,0.004
2138,1.005,1.002,-0.002
2139,0.993,1,0.007
2140,1.005,1.001,-0.003
2141,1.001,1.001,0.001
2142,1.002,1,-0.002
2143,0.995,1.003,0.008
2144,1.014,1.001,-0.013
2145,0.991,1.004,0.013
2146,0.99,1.001,0.011
2147,0.991,0.998,0.007
2148,0.987,0.997,0.01
2149,1.008,0.998,-0.009
2150,1.016,1.001,-0.015
2151,0.984,0.994,0.01
2152,0.993,1,0.007
2153,0.992,0.999,0.007
2154,1.003,0.995,-0.008
2155,1.008,1.004,-0.004
2156,1.001,1.003,0.002
2157,1.001,1.005,0.004
2158,0.995,1.001,0.005
2159,1,1.004,0.004
2160,1.005,1.004,-0.001
2161,1.002,0.997,-0.005
2162,0.99,1.003,0.014
2163,0.993,0.993,0
2164,0.998,1.002,0.004
2165,1.008,1.001,-0.007
2166,1.002,1.003,0.001
2167,0.998,0.993,-0.005
2168,0.989,1.004,0.015
2169,1.007,1.005,-0.002
2170,1.005,0.993,-0.012
2171,1,1.001,0.001
2172,1.001,1.001,0
2173,0.997,1,0.003
2174,1.008,1.004,-0.004
2175,0.988,0.992,0.004
2176,1.001,1.003,0.002
2177,0.999,1.001,0.002
2178,0.991,0.997,0.006
2179,1,1,0
2180,1.01,1,-0.01
2181,1.008,1.003,-0.005
2182,0.985,0.994,0.009
2183,1.004,1.002,-0.002
2184,1.007,1.002,-0.005
2185,1.003,1.002,-0.001
2186,0.992,1.001,0.009
2187,0.995,0.998,0.002
2188,1,1.003,0.003
2189,1,1.001,0.001
2190,1,1.002,0.002
2191,1.003,1,-0.003
2192,0.994,1.001,0.007
2193,1.011,1.001,-0.009
2194,1.006,1,-0.005
2195,0.988,1.001,0.013
2196,0.998,0.996,-0.002
2197,0.994,1.003,0.009
2198,1.009,0.997,-0.012
2199,0.995,1.003,0.007
2200,1.001,1.001,0
2201,1.009,1.003,-0.006
2202,0.996,1.002,0.006
2203,0.999,0.998,-0.001
2204,0.999,1.001,0.002
2205,1.01,1.001,-0.008
2206,0.993,1,0.007
2207,1,0.999,-0.001
2208,1,1,0
2209,0.999,1.001,0.002
2210,0.998,0.998,0
2211,1.001,1.002,0.001
2212,1.003,1.003,0
2213,0.996,0.999,0.002
2214,0.999,1,0.001
2215,0.999,0.998,-0.001
2216,0.992,0.999,0.007
2217,1.008,1.001,-0.007
2218,0.995,0.996,0.001
2219,1.002,1.002,0
2220,1.001,1,-0.001
2221,1.004,1.003,-0.001
2222,1.001,1.001,0
2223,0.999,1,0.001
2224,1.002,1,-0.002
2225,1.004,1,-0.003
2226,1.002,1.002,0
2227,1.004,1,-0.003
2228,0.995,0.995,0
2229,1.001,1.003,0.002
2230,0.999,0.999,0
2231,1.005,1.002,-0.002
2232,1.002,1,-0.002
2233,0.998,1,0.002
2234,0.998,1,0.002
2235,1.001,1.001,0
2236,1.001,1,-0.001
2237,1.005,1.002,-0.003
2238,1,1,0
2239,1.001,1.001,0
2240,1,0.999,-0.001
2241,1.002,1.001,-0.001
2242,1,1.001,0.001
2243,1,1,0
2244,1.011,1.002,-0.01
2245,1.008,1.002,-0.005
2246,1,1.003,0.003
2247,1,0.997,-0.003
2248,1,1.002,0.002
2249,0.998,1.002,0.004
2250,1.003,1.001,-0.002
2251,0.975,0.988,0.013
2252,1.004,1,-0.004
2253,0.997,1.004,0.006
2254,1.007,1.001,-0.006
2255,0.993,0.999,0.007
2256,0.996,1.003,0.007
2257,1.01,1.001,-0.009
2258,0.995,1,0.005
2259,0.994,1.004,0.009
2260,1.008,0.997,-0.01
2261,1,1.003,0.003
2262,0.992,1.001,0.008
2263,1.003,0.999,-0.004
2264,0.998,1.001,0.003
2265,1.003,1.002,-0.001
2266,0.999,1.001,0.002
2267,1,0.998,-0.002
2268,1.001,1.003,0.002
2269,0.998,1.001,0.003
2270,0.999,1.001,0.002
2271,1.001,1,-0.001
2272,1.002,1,-0.002
2273,1,1.001,0.001
2274,1,1.003,0.003
2275,1.001,1.001,0
2276,1.002,1.003,0.001
2277,1.001,1,-0.001
2278,0.993,0.994,0.001
2279,1.001,1.003,0.002
2280,0.998,1.001,0.003
2281,1.009,1.001,-0.008
2282,0.996,1.002,0.005
2283,0.996,1.005,0.009
2284,0.998,0.995,-0.003
2285,0.999,1.001,0.002
2286,1.003,1,-0.003
2287,1,1.003,0.003
2288,1.001,1.002,0.001
2289,1,0.998,-0.002
2290,0.999,1.003,0.004
2291,1.002,1.003,0.001
2292,1.003,1.002,-0.001
2293,1.003,1,-0.003
2294,1,1.001,0.001
2295,0.999,1.001,0.002
2296,0.995,0.996,0
2297,1.002,1.001,-0.001
2298,0.996,0.999,0.003
2299,0.995,0.999,0.004
2300,1,1.004,0.004
2301,0.999,0.994,-0.005
2302,1.002,1,-0.002
2303,1.002,1,-0.002
2304,0.996,1.003,0.007
2305,0.999,0.999,0
2306,1.007,0.999,-0.008
2307,0.992,1.002,0.009
2308,1.006,1.001,-0.005
2309,1,1.002,0.002
2310,0.999,1.003,0.004
2311,1.005,1.003,-0.002
2312,1.003,1.002,-0.001
2313,1.003,1.003,0
2314,1.002,1,-0.002
2315,0.998,0.998,0
2316,1,1.001,0.001
2317,1.002,1,-0.002
2318,0.997,1.002,0.005
2319,1.004,1.002,-0.001
2320,1.001,1.003,0.002
2321,1,1,0
2322,1,1,0
2323,0.994,1,0.006
2324,1.002,0.997,-0.005
2325,1.001,1.002,0.001
2326,0.992,1,0.008
2327,0.999,0.996,-0.003
2328,0.998,1.002,0.004
2329,0.998,1.001,0.003
2330,0.997,0.999,0.002
2331,1.004,1.001,-0.003
2332,0.999,1,0.001
2333,1.005,1.001,-0.004
2334,0.999,1,0.001
2335,1,0.999,-0.001
2336,1,1.003,0.003
2337,0.998,1.003,0.005
2338,1.002,1.001,-0.001
2339,1.002,1.003,0.001
2340,0.998,0.999,0.001
2341,1.001,1.001,0
2342,0.993,1.003,0.01
2343,1.002,1.002,0
2344,1.004,0.999,-0.005
2345,1,1.002,0.002
2346,1.002,1.001,-0.001
2347,1.002,1,-0.002
2348,0.997,1,0.003
2349,1.003,1,-0.002
2350,1.004,0.999,-0.005
2351,1.004,1.001,-0.002
2352,1,1.001,0.001
2353,1,1.003,0.003
2354,1.007,0.999,-0.007
2355,0.999,1.001,0.001
2356,0.995,1.001,0.005
2357,1.001,0.999,-0.002
2358,1,1.002,0.002
2359,0.994,1,0.005
2360,1,1.001,0.001
2361,0.995,1,0.005
2362,0.998,0.999,0
2363,1,1.001,0.001
2364,1.005,1,-0.005
2365,1.001,1.003,0.002
2366,1,1,0
2367,0.994,0.997,0.003
2368,1.005,1.003,-0.002
2369,1.005,1.001,-0.004
2370,1.001,1.003,0.002
2371,1.002,1.004,0.002
2372,0.991,1,0.01
2373,1.002,1.004,0.002
2374,1.003,0.993,-0.01
2375,1.005,1.002,-0.003
2376,1,1.003,0.003
2377,1,1.001,0.001
2378,1.003,1.004,0.001
2379,0.999,1.001,0.002
2380,1,1.001,0.001
2381,1.011,1.004,-0.007
2382,0.994,0.997,0.002
2383,0.999,1.002,0.003
2384,1,0.996,-0.004
2385,1.004,1.002,-0.002
2386,1.001,1,-0.001
2387,1,1.003,0.003
2388,1.002,1,-0.002
2389,1.006,1.002,-0.004
2390,1.005,1.002,-0.002
2391,0.994,0.998,0.004
2392,1.002,0.996,-0.006
2393,1.006,1.002,-0.003
2394,1.004,1.003,-0.001
2395,0.995,0.995,0.001
2396,1.002,1.001,-0.001
2397,1.006,1.001,-0.004
2398,1.01,1.001,-0.009
2399,0.995,0.997,0.002
2400,1.004,1.003,-0.001
2401,1,1.001,0.001
2402,0.998,1.006,0.007
2403,1.002,1,-0.001
2404,1,1.001,0.001
2405,1,1,0
2406,1.004,1.002,-0.002
2407,0.995,1,0.005
2408,1.005,1,-0.005
2409,1.002,1.002,0
2410,1.005,1.001,-0.004
2411,1.003,1,-0.003
2412,1.006,1,-0.006
2413,1,1.003,0.003
2414,1,1.005,0.005
2415,1,1.004,0.004
2416,1.009,1.004,-0.005
2417,1,1,0
2418,1.003,1.001,-0.002
2419,1.004,1.003,-0.001
2420,1.01,1.001,-0.01
2421,1.004,1.002,-0.001
2422,0.984,1.002,0.018
2423,0.983,0.989,0.006
2424,1.017,1.005,-0.012
2425,1.004,1.002,-0.002
2426,1.001,1.002,0.001
2427,1,1.001,0.001
2428,1.001,1,-0.001
2429,0.995,0.993,-0.002
2430,0.997,1.004,0.007
2431,0.996,0.998,0.002
2432,0.982,0.987,0.005
2433,0.995,1.001,0.006
2434,0.996,1,0.004
2435,0.998,1.001,0.003
2436,1,0.999,-0.001
2437,0.996,1.003,0.007
2438,1.006,0.999,-0.007
2439,0.997,1.002,0.005
2440,0.993,0.997,0.004
2441,1.009,1.003,-0.007
2442,1.004,1.001,-0.002
2443,0.998,1.003,0.004
2444,1.004,0.999,-0.006
2445,1.007,0.999,-0.008
2446,1.004,1.002,-0.002
2447,1.011,0.999,-0.011
2448,0.997,1.002,0.005
2449,0.992,1.004,0.012
2450,0.995,0.994,-0.001
2451,1.006,0.998,-0.008
2452,0.99,1,0.01
2453,0.99,0.999,0.008
2454,1.007,1.004,-0.004
2455,1,1.003,0.003
2456,0.996,1.004,0.008
2457,0.999,0.998,-0.001
2458,0.999,1.003,0.004
2459,0.997,0.999,0.002
2460,0.998,0.999,0.001
2461,1.011,1.001,-0.01
2462,1,1.002,0.002
2463,1.004,1,-0.003
2464,1.003,1.002,-0.001
2465,0.998,1.002,0.004
2466,0.993,0.998,0.005
2467,1.021,1.003,-0.018
2468,0.993,0.992,-0.001
2469,1.005,1.002,-0.003
2470,1.002,1.004,0.003
2471,1.002,1.001,-0.001
2472,1.004,1.003,-0.001
2473,1.007,1,-0.007
2474,1,1.001,0.001
2475,1,1.003,0.003
2476,0.992,0.995,0.002
2477,0.998,1.002,0.004
2478,1.005,1.003,-0.002
2479,0.999,0.999,0
2480,1.012,1,-0.012
2481,0.997,1.002,0.005
2482,1.007,1,-0.007
2483,1,1.002,0.002
2484,1.001,1.001,0
2485,0.994,0.998,0.004
2486,0.997,0.996,-0.001
2487,1.006,1.004,-0.002
2488,0.993,0.995,0.002
2489,0.995,1.002,0.007
2490,1.004,1.001,-0.003
2491,0.998,0.998,0
2492,0.995,0.999,0.005
2493,1.005,1.001,-0.004
2494,1.003,1.002,0
2495,0.999,1.001,0.002
2496,1,1,0
2497,1,1,0
2498,1.007,1.001,-0.006
2499,1.006,1.002,-0.004
2500,1.001,1.003,0.002
2501,1.004,1,-0.004
2502,0.999,1,0.001
2503,0.999,1.001,0.002
2504,0.998,1.001,0.003
2505,0.994,0.998,0.004
2506,1.004,1.001,-0.002
2507,1,1.002,0.002
2508,1.003,1.002,-0.001
2509,1.004,0.996,-0.008
2510,1.003,1.004,0
2511,1,1.002,0.002
2512,0.997,1,0.003
2513,0.996,0.999,0.004
2514,1.003,0.999,-0.004
2515,0.997,1.003,0.006
2516,1.006,0.997,-0.009
2517,1.007,1.003,-0.004
2518,1.009,1.004,-0.006
2519,1.009,1.004,-0.006
2520,1.002,1.005,0.002
2521,1.001,1.001,0.001
2522,0.999,0.995,-0.004
2523,0.987,1,0.014
2524,1.013,0.997,-0.016
2525,1.006,1.005,-0.001
2526,1.007,1.003,-0.004
2527,0.992,1,0.008
2528,0.998,0.997,-0.002
2529,1.005,1.003,-0.002
2530,1,1.002,0.002
2531,1.012,1.002,-0.01
2532,1.007,1.002,-0.004
2533,1.012,1.002,-0.01
2534,1.001,1.002,0.001
2535,0.99,1,0.009
2536,1.005,0.997,-0.008
2537,0.992,1.003,0.011
2538,1.015,1.005,-0.009
2539,0.998,1.002,0.004
2540,1.005,1.001,-0.004
2541,0.998,1,0.003
2542,0.999,1.001,0.002
2543,0.996,1.002,0.006
2544,1.005,1.001,-0.004
2545,1.005,0.995,-0.01
2546,1.006,1.003,-0.003
2547,0.997,1.001,0.004
2548,0.998,1.002,0.004
2549,1.002,1.002,0
2550,1.006,1.001,-0.005
2551,1.024,1.002,-0.022
2552,1.007,1.003,-0.004
2553,0.997,0.994,-0.003
2554,0.987,1.001,0.014
2555,1.001,0.999,-0.002
2556,1.012,1.004,-0.008
2557,1.003,1.004,0.001
2558,0.998,1.001,0.004
2559,1,1,0
2560,0.994,1,0.006
2561,0.994,0.999,0.004
2562,0.997,0.996,-0.001
2563,1,1.004,0.004
2564,1.012,0.997,-0.016
2565,0.997,1.005,0.008
2566,1.005,1.001,-0.004
2567,1,1,0
2568,0.994,1.001,0.007
2569,0.995,1,0.004
2570,1,1.001,0.001
2571,1.004,0.994,-0.01
2572,1.002,1.005,0.003
2573,0.997,0.996,-0.001
2574,1.004,1.002,-0.002
2575,0.994,0.999,0.005
2576,0.995,0.997,0.002
2577,1.001,1.001,0
2578,1,1.005,0.005
2579,1.009,1.001,-0.008
2580,0.999,1.004,0.005
2581,0.994,0.995,0.001
2582,1.009,1,-0.008
2583,0.986,0.996,0.01
2584,1.013,1.003,-0.01
2585,0.999,1.003,0.003
2586,1.003,1.002,-0.001
2587,0.996,1.003,0.007
2588,0.999,0.995,-0.004
2589,0.995,0.997,0.001
2590,1,1.001,0.001
2591,1.003,1.003,0
2592,0.997,0.997,0
2593,1.001,1.001,0.001
2594,1.009,0.998,-0.011
2595,0.993,1.001,0.008
2596,1.006,1.004,-0.002
2597,0.993,0.991,-0.002
2598,0.993,1,0.007
2599,1.01,0.999,-0.011
2600,1.004,1.003,0
2601,0.999,1.002,0.003
2602,1,0.996,-0.004
2603,0.997,0.998,0.001
2604,0.991,1,0.008
2605,0.999,1.003,0.004
2606,1.009,0.996,-0.012
2607,1.002,1.002,0.001
2608,0.998,1.001,0.004
2609,1.005,0.997,-0.008
2610,1.001,1.004,0.003
2611,0.996,0.999,0.003
2612,1.004,1.001,-0.003
2613,1.001,1.002,0.001
2614,1.004,1.002,-0.001
2615,1.001,0.995,-0.006
2616,1.003,1.004,0.001
2617,1.002,1.001,0
2618,0.996,0.999,0.003
2619,0.999,0.998,0
2620,0.999,1.002,0.003
2621,1.006,1.003,-0.004
2622,0.994,1.001,0.007
2623,1.002,1,-0.002
2624,0.998,1,0.003
2625,0.995,1.002,0.006
2626,1.004,1,-0.003
2627,0.995,1,0.005
2628,0.999,1.003,0.003
2629,0.995,1.003,0.008
2630,1.008,0.997,-0.011
2631,1.004,1.003,-0.001
2632,0.998,1.003,0.006
2633,0.994,0.993,-0.001
2634,0.992,1.002,0.01
2635,0.994,1.001,0.007
2636,0.998,0.995,-0.003
2637,0.999,1.001,0.002
2638,1,1.002,0.002
2639,1.002,0.999,-0.002
2640,0.998,1,0.002
2641,1.002,1.002,0
2642,1.007,1.001,-0.006
2643,1,1.001,0.001
2644,1.001,1,-0.001
2645,1.001,1,0
2646,1,0.994,-0.006
2647,1.002,1.002,0.001
2648,1.001,1.002,0.001
2649,0.998,1.002,0.005
2650,0.996,1.001,0.005
2651,1.003,1,-0.003
2652,1,1,0
2653,1.012,1.001,-0.011
2654,1.005,1.003,-0.002
2655,0.997,1.004,0.007
2656,1.003,1.003,0
2657,1.004,0.996,-0.008
2658,0.982,1.003,0.021
2659,0.983,0.989,0.006
2660,0.99,1,0.009
2661,0.996,0.992,-0.004
2662,0.998,0.992,-0.005
2663,1.006,1.006,-0.001
2664,1.002,1.004,0.003
2665,1.004,0.999,-0.005
2666,0.996,1,0.004
2667,1.007,1.004,-0.004
2668,1,1.003,0.003
2669,1.014,1.003,-0.011
2670,0.998,0.999,0.001
2671,1.005,1.001,-0.003
2672,1.001,1.001,0
2673,1.01,1.003,-0.008
2674,0.996,1.001,0.005
2675,0.998,1.004,0.006
2676,1.001,1,-0.001
2677,1.002,1.002,0
2678,1.002,1.002,-0.001
2679,1,1.002,0.002
2680,1,1.001,0.001
2681,1.001,1,-0.001
2682,0.994,1,0.006
2683,0.995,0.998,0.004
2684,1.009,1.001,-0.007
2685,0.995,1.003,0.008
2686,1.006,1.001,-0.005
2687,1,1,0
2688,0.998,1,0.002
2689,1.002,1.004,0.003
2690,0.998,1,0.003
2691,1.002,1,-0.002
2692,0.998,1.002,0.004
2693,1.002,1.002,0
2694,1.002,1.003,0.002
2695,0.998,1,0.003
2696,1.002,0.997,-0.006
2697,1,1.002,0.002
2698,0.998,1.002,0.004
2699,1.003,1.002,-0.001
2700,1.003,1.001,-0.002
2701,1.001,1.001,0
2702,0.996,1.002,0.006
2703,1.001,0.999,-0.002
2704,1.005,1,-0.005
2705,1.003,1.001,-0.002
2706,1.008,1.001,-0.006
2707,1.003,1.003,0
2708,1.015,1.003,-0.013
2709,1.004,1.004,-0.001
2710,0.993,0.998,0.005
2711,0.997,1.001,0.004
2712,0.997,0.996,-0.001
2713,0.986,1.002,0.016
2714,1.001,0.998,-0.002
2715,0.999,1.003,0.004
2716,1.003,0.999,-0.004
2717,1.012,1.003,-0.01
2718,1.024,1.003,-0.02
2719,0.998,1.004,0.006
2720,0.99,0.997,0.007
2721,0.988,1.001,0.013
2722,1.023,1.001,-0.021
2723,0.998,1.005,0.008
2724,1.003,1.002,-0.001
2725,1.014,1.001,-0.013
2726,0.996,1.003,0.007
2727,1,1.002,0.002
2728,0.999,0.998,0
2729,1.013,1.001,-0.012
2730,1.006,1.003,-0.003
2731,0.987,0.994,0.007
2732,0.996,1,0.004
2733,0.997,1.002,0.005
2734,1.001,0.999,-0.001
2735,1.003,1.003,0
2736,0.999,1,0.001
2737,1.008,1,-0.008
2738,1.002,1.003,0.001
2739,1.004,1.004,0.001
2740,0.996,1,0.005
2741,1.009,0.999,-0.01
2742,1.006,1.003,-0.004
2743,1.001,1.004,0.003
2744,1,1.001,0.001
2745,1.004,1.001,-0.004
2746,1.011,1.003,-0.007
2747,0.997,1.001,0.004
2748,1.016,1.006,-0.01
2749,1.009,0.995,-0.014
2750,1.006,1.001,-0.005
2751,0.999,1.001,0.002
2752,0.986,1.001,0.015
2753,0.989,0.994,0.005
2754,0.996,1.001,0.006
2755,0.979,0.989,0.01
2756,0.996,1,0.004
2757,0.996,0.99,-0.005
2758,0.992,1.003,0.011
2759,0.996,0.998,0.002
2760,0.999,1.004,0.005
2761,1.007,0.994,-0.013
2762,1.023,1.004,-0.018
2763,1.006,1.005,-0.001
2764,0.979,1.003,0.024
2765,1.009,1,-0.01
2766,1.022,1.003,-0.019
2767,1.006,1.003,-0.003
2768,1.013,1.005,-0.008
2769,1,1.004,0.004
2770,1.006,1,-0.005
2771,0.997,0.999,0.003
2772,0.997,1,0.003
2773,1.009,1.003,-0.006
2774,0.995,1.001,0.006
2775,0.988,0.998,0.01
2776,1.004,0.991,-0.014
2777,1.013,1.005,-0.009
2778,0.999,1.004,0.005
2779,0.995,0.994,-0.002
2780,0.992,1.002,0.01
2781,1.01,1.002,-0.009
2782,1.011,0.995,-0.016
2783,1.003,1.007,0.003
2784,0.993,1,0.007
2785,1.027,0.997,-0.03
2786,0.996,1.005,0.009
2787,0.995,1.003,0.008
2788,0.993,1,0.006
2789,0.989,0.987,-0.002
2790,1.007,1.002,-0.005
2791,0.98,1.003,0.023
2792,0.99,0.993,0.003
2793,0.992,1.004,0.012
2794,0.997,0.992,-0.005
2795,0.989,0.999,0.01
2796,1,1.007,0.007
2797,1.009,1.004,-0.005
2798,1.004,1.003,-0.001
2799,0.982,0.993,0.011
2800,0.979,0.993,0.014
2801,1.01,1.005,-0.004
2802,1.008,1.003,-0.005
2803,0.994,1,0.006
2804,1.022,1.003,-0.019
2805,0.997,1.006,0.009
2806,1.001,1.002,0
2807,1.013,1.002,-0.011
2808,0.995,1.002,0.007
2809,1.008,1.001,-0.007
2810,0.991,0.997,0.007
2811,0.991,1.001,0.01
2812,1.006,1.001,-0.005
2813,0.999,0.999,0.001
2814,1.008,1,-0.008
2815,0.99,1.004,0.014
2816,1.007,1.001,-0.006
2817,1.002,1.003,0.001
2818,1.006,1,-0.006
2819,0.982,0.994,0.012
2820,0.994,1,0.006
2821,1.001,0.999,-0.002
2822,1.002,0.998,-0.004
2823,0.989,0.997,0.009
2824,1.001,1.001,0.001
2825,0.996,0.999,0.004
2826,1,1.002,0.002
2827,1.001,1.001,0
2828,1.014,1.002,-0.011
2829,0.999,1.005,0.005
2830,1,1.002,0.002
2831,0.997,1.001,0.004
2832,1.005,1.002,-0.003
2833,0.993,1,0.007
2834,0.989,1.001,0.011
2835,1.003,0.996,-0.007
2836,0.991,1.001,0.011
2837,0.996,0.994,-0.002
2838,0.995,1.001,0.007
2839,1.004,0.996,-0.008
2840,0.997,1.002,0.004
2841,0.996,1.001,0.005
2842,0.996,0.996,0.001
2843,0.984,0.996,0.012
2844,1.008,1,-0.007
2845,0.993,1.001,0.009
2846,1.011,1.001,-0.01
2847,0.985,1.002,0.017
2848,1.008,1.002,-0.006
2849,0.999,1,0.001
2850,0.999,1.003,0.004
2851,1.003,1.002,-0.001
2852,0.996,1,0.004
2853,1,1.004,0.004
2854,0.998,1.004,0.006
2855,0.999,0.995,-0.003
2856,1.005,1.002,-0.004
2857,0.999,1.001,0.003
2858,1.012,1.003,-0.009
2859,0.995,0.997,0.002
2860,0.999,1.003,0.004
2861,1.002,1,-0.002
2862,0.999,0.999,0
2863,1.003,1.001,-0.002
2864,0.998,1.001,0.003
2865,0.99,0.996,0.006
2866,0.985,0.993,0.008
2867,0.987,0.998,0.011
2868,1.002,0.997,-0.005
2869,1.004,1.003,-0.001
2870,0.976,0.991,0.015
2871,1.008,1.002,-0.006
2872,0.99,1.002,0.012
2873,1,1.005,0.005
2874,1,1.004,0.004
2875,1.004,1.004,0
2876,1.006,0.995,-0.011
2877,1.013,1.002,-0.01
2878,1.006,1.004,-0.001
2879,0.99,0.998,0.008
2880,0.998,1.001,0.003
2881,0.998,0.998,0
2882,0.999,0.999,0
2883,1.001,1,-0.001
2884,1.004,1.002,-0.002
2885,0.998,0.999,0.001
2886,1.007,0.999,-0.008
2887,1.007,1.002,-0.005
2888,1.002,1.004,0.003
2889,1.008,1.001,-0.006
2890,1,1.002,0.002
2891,1.002,1.004,0.002
2892,1.002,1.001,-0.001
2893,1.014,1,-0.014
2894,0.999,1.002,0.003
2895,0.999,1.004,0.004
2896,1.002,0.999,-0.003
2897,1.005,1.001,-0.004
2898,1.01,1,-0.011
2899,1.017,1.002,-0.015
2900,1.002,1.004,0.002
2901,1.001,1.001,0
2902,0.988,0.996,0.008
2903,1.006,1,-0.006
2904,1.002,0.998,-0.004
2905,1.006,1.001,-0.005
2906,0.984,1.003,0.019
2907,0.994,0.993,-0.001
2908,1.011,1.002,-0.009
2909,1.002,1.002,0
2910,0.998,1,0.002
2911,0.999,0.995,-0.003
2912,0.998,1,0.003
2913,0.991,0.996,0.005
2914,0.987,0.994,0.007
2915,1.005,1.003,-0.003
2916,0.987,1.002,0.016
2917,1.004,1.002,-0.002
2918,1.013,1.001,-0.012
2919,1.005,1.004,-0.001
2920,0.997,1.002,0.005
2921,1.002,0.999,-0.003
2922,0.997,0.998,0.001
2923,1.003,1.002,-0.001
2924,0.991,0.999,0.008
2925,1.004,1.004,0
2926,0.996,0.997,0.001
2927,1,1.003,0.003
2928,0.999,1.004,0.005
2929,0.992,0.99,-0.002
2930,0.996,0.999,0.004
2931,1.003,1.002,-0.001
2932,1.002,1,-0.002
2933,1.002,1.002,-0.001
2934,1.002,0.998,-0.004
2935,1.004,1.004,0
2936,1.002,0.999,-0.003
2937,1,1.002,0.002
2938,0.999,0.995,-0.004
2939,0.998,1,0.002
2940,0.997,1.001,0.004
2941,1.009,1.002,-0.007
2942,0.998,0.996,-0.002
2943,0.994,1.004,0.01
2944,1.014,1.005,-0.009
2945,1,1.003,0.003
2946,1,1,0
2947,0.996,1,0.004
2948,0.991,0.995,0.004
2949,1.001,1.001,0
2950,1.006,0.999,-0.007
2951,0.987,0.995,0.009
2952,0.996,1.001,0.006
2953,0.999,0.995,-0.003
2954,0.991,1.002,0.011
2955,1.004,0.993,-0.01
2956,0.986,0.995,0.008
2957,1.004,1.004,0
2958,1,1,0
2959,0.992,1.002,0.011
2960,1.005,0.999,-0.006
2961,1.003,1.004,0
2962,0.997,0.996,0
2963,0.994,1.001,0.007
2964,0.999,1.004,0.005
2965,1.001,0.996,-0.005
2966,0.998,0.998,0
2967,0.998,1.003,0.005
2968,0.998,0.998,0
2969,1.003,1,-0.003
2970,1.002,1.004,0.002
2971,0.994,1.001,0.007
2972,1.005,0.996,-0.009
2973,1,1.004,0.004
2974,1.002,1.002,0
2975,0.998,1.001,0.003
2976,1.005,0.999,-0.006
2977,1.008,1.003,-0.005
2978,1.007,1.005,-0.002
2979,1.005,1.002,-0.002
2980,0.995,1,0.004
2981,1,1,0
2982,0.995,0.999,0.004
2983,1.008,1.002,-0.005
2984,1.002,0.999,-0.002
2985,1.003,1.001,-0.002
2986,1.007,1,-0.007
2987,0.997,1.003,0.006
2988,1.012,1.005,-0.007
2989,1.004,0.995,-0.009
2990,1.008,1.001,-0.007
2991,1.004,1.002,-0.002
2992,0.999,1,0.002
2993,0.993,0.998,0.005
2994,0.982,0.992,0.01
2995,0.992,1,0.009
2996,0.999,1.001,0.003
2997,0.997,0.999,0.002
2998,1.008,0.999,-0.01
2999,1.003,1.004,0
3000,1.008,1.001,-0.007
3001,0.995,1.004,0.009
3002,0.997,0.999,0.002
3003,0.998,0.998,0
3004,0.993,0.999,0.005
3005,1.002,1,-0.001
3006,1.01,1.001,-0.009
3007,1.017,1.003,-0.013
3008,1.003,1.004,0.001
3009,1.001,1,0
3010,1,0.999,-0.001
3011,0.996,1.004,0.008
3012,1.004,1,-0.005
3013,1.001,1.003,0.003
3014,1.002,1.003,0.002
3015,1.002,0.999,-0.003
3016,1.002,1.002,0.001
3017,1.001,0.999,-0.002
3018,1.011,1.002,-0.009
3019,0.978,0.998,0.02
3020,0.988,0.994,0.006
3021,0.996,0.996,0.001
3022,0.997,1.002,0.005
3023,1.006,1.002,-0.005
3024,0.994,0.999,0.005
3025,1.002,1.001,-0.001
3026,0.995,1,0.005
3027,0.999,1.001,0.001
3028,1.003,1.004,0.001
3029,0.996,1,0.004
3030,0.997,1,0.003
3031,1,1,0
3032,1.001,1,-0.001
3033,0.995,1.002,0.007
3034,0.987,0.997,0.011
3035,0.994,0.999,0.005
3036,1.018,1.001,-0.017
3037,1.001,1.004,0.004
3038,0.999,1.004,0.005
3039,1.003,1,-0.003
3040,0.999,1.001,0.002
3041,1.008,1.002,-0.005
3042,1.002,1.002,0.001
3043,1.004,1.003,-0.001
3044,1.004,1,-0.003
3045,1.002,1.002,0.001
3046,1.002,1.003,0.002
3047,0.996,1,0.004
3048,1.007,1.001,-0.006
3049,0.997,1.003,0.006
3050,1.005,0.996,-0.009
3051,0.994,1.001,0.007
3052,0.998,1.001,0.003
3053,1,1.004,0.004
3054,1.009,1.004,-0.005
3055,1,0.995,-0.005
3056,0.998,1,0.003
3057,1.002,1.003,0.001
3058,0.999,1,0.001
3059,0.999,1.003,0.005
3060,0.993,1,0.006
3061,0.995,0.996,0
3062,1.002,1,-0.002
3063,1.008,1,-0.007
3064,0.996,1,0.004
3065,1.004,1.004,0
3066,0.995,0.999,0.005
3067,1.001,1.002,0.001
3068,0.996,1.002,0.006
3069,1.008,1.004,-0.005
3070,1.003,1,-0.003
3071,1.002,1.002,0
3072,0.995,0.999,0.004
3073,1.001,1,-0.001
3074,1.001,1.001,0
3075,0.999,1.001,0.001
3076,1.002,1.001,0
3077,1.002,1.001,-0.001
3078,1.001,1,-0.001
3079,1.004,1.002,-0.002
3080,0.998,1.001,0.003
3081,0.993,0.997,0.004
3082,1.004,0.999,-0.005
3083,0.993,0.998,0.006
3084,1,1.001,0.001
3085,1.004,1.002,-0.003
3086,1.001,0.999,-0.001
3087,1.003,1.003,0
3088,1.003,1.001,-0.002
3089,1,1.001,0.001
3090,1.003,1.001,-0.002
3091,1.004,1,-0.005
3092,1.002,1.003,0.001
3093,1.002,1,-0.002
3094,0.997,1.003,0.006
3095,1.004,1.002,-0.003
3096,1.007,1.003,-0.005
3097,0.996,1.002,0.006
3098,0.99,0.996,0.006
3099,1.008,1,-0.008
3100,1.002,1.004,0.002
3101,0.996,0.999,0.003
3102,0.996,1.001,0.005
3103,1.004,1.002,-0.002
3104,1.001,1.001,0
3105,0.964,0.999,0.035
3106,1,0.993,-0.007
3107,1.002,1.004,0.003
3108,0.994,0.997,0.003
3109,1,1,0
3110,0.989,0.997,0.008
3111,1.004,1.002,-0.002
3112,1.002,0.999,-0.003
3113,0.996,1,0.004
3114,1,1,0
3115,1.009,1.004,-0.005
3116,1.002,1,-0.002
3117,1.002,1.001,-0.001
3118,0.996,1,0.004
3119,1.009,1.002,-0.008
3120,1,1.002,0.002
3121,0.999,0.997,-0.002
3122,1,1.004,0.004
3123,0.999,1.001,0.002
3124,1.002,1,-0.002
3125,1.001,1.001,0
3126,0.999,1.003,0.005
3127,0.999,1.003,0.003
3128,1,1,0
3129,0.997,1.002,0.005
3130,1,1.001,0.001
3131,1,1.001,0.001
3132,0.999,1,0.001
3133,1.002,1,-0.001
3134,1.003,1.001,-0.003
3135,1.002,1.001,-0.001
3136,1,1.002,0.002
3137,1.003,1,-0.003
3138,1.008,1,-0.007
3139,1.002,1.002,-0.001
3140,1,1.001,0.001
3141,0.999,1,0.001
3142,1.004,1.002,-0.002
3143,1,1.002,0.002
3144,0.999,0.997,-0.002
3145,1.001,1,-0.001
3146,1.004,1.002,-0.002
3147,0.997,1,0.003
3148,1,1.003,0.003
3149,1,1.004,0.004
3150,1.003,1.004,0.001
3151,0.996,0.997,0
3152,0.999,1.001,0.002
3153,1.008,1.001,-0.006
3154,1.002,1.002,0
3155,0.998,1.002,0.005
3156,0.999,0.997,-0.002
3157,1.005,1.001,-0.004
3158,0.996,0.996,0
3159,0.998,1.002,0.004
3160,1.001,0.999,-0.001
3161,1.012,1.001,-0.011
3162,1.004,1.002,-0.002
3163,0.999,1.004,0.005
3164,1.003,1.003,0
3165,1.005,1,-0.005
3166,0.986,1.001,0.015
3167,0.998,0.993,-0.004
3168,0.998,1,0.003
3169,0.997,1.001,0.004
3170,0.994,0.995,0.001
3171,1.006,1.002,-0.004
3172,0.994,1.001,0.007
3173,1.006,0.998,-0.008
3174,0.999,1.001,0.003
3175,1.008,1.003,-0.005
3176,1.002,1.002,0
3177,1.002,1,-0.002
3178,1.001,1.002,0.002
3179,1.002,1,-0.002
3180,1.005,1.002,-0.003
3181,0.998,1,0.003
3182,1,1.002,0.002
3183,1.007,1.004,-0.003
3184,1.006,1.002,-0.004
3185,0.999,1.002,0.003
3186,1.009,1.004,-0.005
3187,0.97,0.985,0.015
3188,1.008,1.001,-0.008
3189,1.003,1.004,0.001
3190,1.002,1.002,0
3191,0.999,1.002,0.003
3192,1.001,1,-0.001
3193,0.994,0.993,-0.001
3194,1.002,1.005,0.002
3195,0.993,0.999,0.007
3196,0.999,1.004,0.005
3197,1.006,1.003,-0.003
3198,1.002,1.002,0
3199,0.999,0.999,0.001
3200,1.002,1,-0.001
3201,1.006,1.003,-0.003
3202,1.002,1.003,0.001
3203,1.004,1.003,0
3204,0.997,1.001,0.004
3205,1.001,1.001,0
3206,1.007,0.997,-0.01
3207,0.999,1.001,0.002
3208,0.999,1.002,0.004
3209,1,1,0
3210,1,1.002,0.002
3211,1.002,1,-0.001
3212,1.001,1.002,0.001
3213,1.004,0.996,-0.007
3214,0.997,1.002,0.005
3215,1.001,1.001,0
3216,0.991,0.994,0.003
3217,1.01,1.005,-0.005
3218,1.006,1.003,-0.003
3219,1.004,1.002,-0.002
3220,0.993,1,0.007
3221,1.001,0.996,-0.005
3222,1.003,1.004,0.001
3223,1.004,1.001,-0.003
3224,0.996,1.002,0.006
3225,0.988,0.998,0.01
3226,0.972,0.986,0.014
3227,0.988,1,0.012
3228,0.992,1.003,0.012
3229,0.997,1.001,0.004
3230,0.99,0.992,0.002
3231,0.998,1.001,0.003
3232,0.99,0.996,0.006
3233,1.001,1,0
3234,0.987,0.997,0.01
3235,1.021,1.005,-0.017
3236,0.981,0.992,0.011
3237,1.012,1.004,-0.008
3238,0.993,1.003,0.01
3239,1.006,1.001,-0.004
3240,0.994,1,0.007
3241,0.983,0.993,0.01
3242,0.994,0.996,0.002
3243,1.004,1,-0.004
3244,0.997,1,0.003
3245,1.011,1.003,-0.009
3246,1.004,1.003,-0.001
3247,0.996,1.002,0.006
3248,1.02,1.005,-0.015
3249,0.983,0.995,0.012
3250,0.998,1,0.002
3251,1.01,1.004,-0.006
3252,0.997,1.002,0.006
3253,0.993,0.99,-0.003
3254,1.004,1.005,0.001
3255,1.013,1.001,-0.011
3256,1.006,1.003,-0.003
3257,1.002,1,-0.001
3258,0.997,0.998,0.001
3259,0.998,1,0.001
3260,0.998,1.001,0.003
3261,1.001,1.003,0.002
3262,1.002,0.998,-0.004
3263,1.011,1.001,-0.009
3264,1.003,1.003,0
3265,0.996,1.004,0.008
3266,1.003,0.996,-0.008
3267,0.999,1.001,0.003
3268,0.998,1.004,0.006
3269,1.002,1,-0.001
3270,0.999,1.003,0.004
3271,1.004,0.997,-0.007
3272,1,1.004,0.004
3273,0.998,1,0.002
3274,0.997,0.999,0.003
3275,0.996,0.996,0
3276,1.002,1.001,-0.001
3277,1.008,0.999,-0.008
3278,0.995,0.999,0.005
3279,0.992,1.001,0.009
3280,1.006,1.005,0
3281,1,1,0
3282,0.998,1,0.002
3283,0.998,0.998,0
3284,0.97,0.987,0.016
3285,0.996,1,0.004
3286,1.002,1.002,0.001
3287,1.003,1.002,-0.001
3288,0.997,1,0.003
3289,1.002,1.001,0
3290,0.995,0.995,0
3291,1.002,1.002,0
3292,1.007,1.003,-0.004
3293,1.002,0.998,-0.005
3294,0.997,1.002,0.005
3295,1.013,1.002,-0.011
3296,0.995,1.003,0.007
3297,1.008,1,-0.008
3298,0.992,0.998,0.006
3299,1,1.002,0.002
3300,1.002,1.003,0.002
3301,1.002,0.999,-0.003
3302,1.008,1.004,-0.004
3303,1,1.001,0.001
3304,1.003,1,-0.003
3305,1.008,1.002,-0.006
3306,0.995,1.002,0.008
3307,1.007,1.004,-0.003
3308,0.995,0.997,0.002
3309,1.003,1.002,-0.001
3310,0.998,1,0.001
3311,0.999,1.002,0.003
3312,0.993,1.001,0.008
3313,0.99,0.995,0.005
3314,1.003,1.005,0.002
3315,1.004,0.998,-0.006
3316,0.996,0.999,0.003
3317,1,1.002,0.002
3318,0.999,1.001,0.002
3319,0.998,1.001,0.004
3320,0.998,0.998,0
3321,1.003,0.995,-0.009
3322,0.989,1.003,0.014
3323,1.007,1.003,-0.004
3324,0.998,0.999,0.001
3325,1,0.999,-0.001
3326,0.999,1,0.001
3327,0.995,1,0.005
3328,0.996,1.001,0.005
3329,1.003,1,-0.003
3330,0.994,0.994,0
3331,0.993,1.001,0.009
3332,1.003,1.003,-0.001
3333,1.006,1.002,-0.005
3334,1.006,1.001,-0.005
3335,0.998,1.002,0.004
3336,1.002,1.001,-0.002
3337,1.003,1.001,-0.003
3338,0.994,1,0.005
3339,0.994,0.998,0.003
3340,0.998,1.001,0.002
3341,1,1,0
3342,0.999,1.002,0.003
3343,0.999,1.001,0.001
3344,0.998,1,0.002
3345,0.998,0.999,0
3346,0.998,0.995,-0.003
3347,1.007,1.003,-0.004
3348,1.007,1.001,-0.006
3349,1.006,1.003,-0.002
3350,1.004,1.001,-0.003
3351,1.002,1.003,0.001
3352,1.001,1,-0.001
3353,1.01,1,-0.01
3354,0.998,1.003,0.005
3355,1.001,1.004,0.003
3356,1.001,1,-0.001
3357,0.99,1,0.011
3358,1.002,0.996,-0.006
3359,0.998,1.003,0.005
3360,0.995,1,0.005
3361,1.002,0.997,-0.005
3362,1,1.002,0.002
3363,1,1,0
3364,0.992,0.999,0.007
3365,1,0.996,-0.004
3366,0.996,1.002,0.006
3367,0.994,1,0.006
3368,1.005,1.001,-0.004
3369,0.989,0.995,0.006
3370,1.001,1.003,0.002
3371,0.99,0.99,-0.001
3372,0.995,1.004,0.008
3373,1.018,1.003,-0.016
3374,0.999,1.005,0.006
3375,1,1.005,0.005
3376,1.001,1.004,0.003
3377,1.002,0.998,-0.004
3378,0.996,1,0.004
3379,0.994,1,0.006
3380,1.008,1.004,-0.005
3381,0.989,0.998,0.009
3382,0.992,0.993,0.002
3383,0.998,1.001,0.003
3384,1.001,1,0
3385,1,1.003,0.003
3386,0.999,0.998,-0.001
3387,1.006,1.004,-0.002
3388,0.994,0.998,0.004
3389,0.999,1.001,0.002
3390,1.011,1.003,-0.008
3391,1.02,1.004,-0.016
3392,0.985,0.998,0.013
3393,0.999,1.001,0.002
3394,0.998,1.003,0.006
3395,1.006,1.001,-0.005
3396,0.989,0.995,0.007
3397,0.989,0.998,0.009
3398,0.992,0.996,0.004
3399,0.997,1.004,0.007
3400,0.993,0.999,0.006
3401,0.993,0.999,0.006
3402,1,1.003,0.003
3403,1.007,1.004,-0.003
3404,1,0.999,-0.001
3405,0.992,0.996,0.003
3406,0.997,1.001,0.004
3407,0.997,1,0.003
3408,1.037,1.002,-0.035
3409,0.994,1.005,0.011
3410,0.995,1.002,0.007
3411,0.999,0.998,-0.001
3412,1,1,0
3413,1.005,1.001,-0.004
3414,1,1,0
3415,1.002,1.004,0.001
3416,1.004,0.995,-0.009
3417,1.001,1.004,0.003
3418,1.007,1.002,-0.005
3419,1,1.003,0.003
3420,1.007,0.994,-0.012
3421,0.998,1.003,0.005
3422,0.997,1.001,0.004
3423,1.002,0.998,-0.004
3424,1.002,1.002,0
3425,1,0.999,-0.001
3426,1,1.002,0.002
3427,0.994,1.003,0.009
3428,1.004,0.997,-0.007
3429,0.975,0.999,0.024
3430,0.99,0.996,0.006
3431,0.993,0.999,0.006
3432,0.992,1,0.008
3433,1.002,0.997,-0.004
3434,1.001,1.003,0.002
3435,0.986,0.997,0.01
3436,0.988,0.993,0.005
3437,1.014,1.003,-0.011
3438,1,1.003,0.003
3439,1.012,1,-0.012
3440,1.007,1.005,-0.002
3441,1.008,1.004,-0.003
3442,1,1,0
3443,1.002,0.999,-0.003
3444,1.01,1.003,-0.007
3445,1.001,1.001,0
3446,1.002,1.002,0
3447,1.005,1.001,-0.004
3448,1.008,1.003,-0.004
3449,1.013,1.004,-0.01
3450,0.999,1.004,0.005
3451,1.01,1,-0.009
3452,1,1,0
3453,1.004,1.002,-0.002
3454,0.998,1.002,0.004
3455,1.002,1.003,0.001
3456,0.992,1,0.008
3457,1,1.004,0.004
3458,1.006,1.004,-0.002
3459,1.002,0.999,-0.003
3460,0.994,0.995,0
3461,0.995,1.004,0.009
3462,0.999,0.989,-0.011
3463,1.013,1.004,-0.009
3464,0.999,1.007,0.008
3465,0.996,1.001,0.005
3466,1.003,1.003,0
3467,1,0.996,-0.004
3468,0.981,0.994,0.013
3469,1.013,1.005,-0.008
3470,1.006,0.995,-0.012
3471,0.994,1.002,0.009
3472,1.011,1.001,-0.011
3473,1.007,1.003,-0.004
3474,0.995,0.997,0.001
3475,1.014,1.004,-0.01
3476,0.998,1.004,0.006
3477,1.002,1.002,0
3478,1.003,1.001,-0.002
3479,1,1.002,0.002
3480,1.002,1.002,0
3481,0.999,1,0.001
3482,1.002,1,-0.003
3483,1.002,1.001,-0.001
3484,1,1.002,0.002
3485,1,1,0
3486,0.999,1,0.001
3487,0.998,0.998,0.001
3488,1.022,1.005,-0.017
3489,0.989,0.995,0.005
3490,1.004,1.005,0.001
3491,0.998,0.995,-0.003
3492,0.988,0.991,0.003
3493,1.009,1.005,-0.004
3494,0.994,1.004,0.01
3495,0.995,0.999,0.004
3496,1.005,1.001,-0.004
3497,0.995,1,0.006
3498,0.999,1.001,0.002
3499,1.004,1.001,-0.003
3500,1.004,1.001,-0.003
3501,0.998,1.001,0.003
3502,1.002,1,-0.002
3503,0.985,0.988,0.003
3504,0.999,1.002,0.003
3505,1.014,1.002,-0.012
3506,0.999,1.002,0.003
3507,1,1.004,0.004
3508,0.995,0.995,-0.001
3509,1.005,1.004,0
3510,1.002,1,-0.002
3511,0.998,1.003,0.005
3512,0.998,1,0.002
3513,1.002,1.002,0
3514,1.001,1,0
3515,0.991,0.994,0.003
3516,1.01,1.001,-0.008
3517,1,1.003,0.003
3518,0.998,1.001,0.003
3519,1,1.002,0.002
3520,1.002,1.002,0
3521,0.999,1,0.001
3522,1,1.001,0.001
3523,1.001,0.999,-0.002
3524,1,1.002,0.002
3525,0.999,1,0.001
3526,1.004,1.002,-0.002
3527,0.998,1.001,0.003
3528,1.002,1.001,-0.001
3529,1.006,1.001,-0.005
3530,1.003,1.001,-0.002
3531,0.999,0.999,0
3532,0.998,1,0.002
3533,0.992,1,0.008
3534,1.006,1.001,-0.005
3535,1.003,1.002,-0.001
3536,1.005,1.001,-0.003
3537,0.999,1.002,0.004
3538,0.999,1.001,0.002
3539,1.002,1.003,0.001
3540,1.013,1.001,-0.012
3541,0.999,1.002,0.003
3542,1.005,1.002,-0.002
3543,1.014,1.001,-0.013
3544,1.011,1.003,-0.008
3545,1,1.005,0.005
3546,1.004,1,-0.004
3547,0.999,1.001,0.001
3548,0.999,0.997,-0.003
3549,0.997,1,0.003
3550,0.993,1.002,0.009
3551,0.993,0.997,0.004
3552,1.005,0.996,-0.009
3553,0.992,1.002,0.011
3554,1.016,1.002,-0.013
3555,0.995,1.003,0.008
3556,0.997,1.001,0.004
3557,0.999,0.998,-0.001
3558,0.987,0.996,0.009
3559,1.004,1.005,0.001
3560,0.996,0.994,-0.001
3561,0.991,0.998,0.007
3562,0.999,1.004,0.005
3563,0.993,0.997,0.004
3564,1.008,0.999,-0.009
3565,0.999,1.002,0.003
3566,0.995,0.999,0.004
3567,0.985,0.997,0.012
3568,1.004,1.001,-0.003
3569,0.998,1,0.002
3570,0.999,1.001,0.002
3571,1.002,0.994,-0.008
3572,0.992,1.002,0.01
3573,0.99,0.998,0.008
3574,0.991,0.998,0.007
3575,1,1.005,0.005
3576,1.014,1.004,-0.01
3577,1,0.992,-0.008
3578,1.013,1.001,-0.013
3579,1,1.004,0.004
3580,1.008,1.001,-0.007
3581,0.995,1.002,0.006
3582,1.009,0.997,-0.012
3583,1.001,1.004,0.003
3584,1.005,1.001,-0.004
3585,1.002,1.002,0
3586,0.997,1.003,0.006
3587,1.004,1.002,-0.002
3588,1.002,1.003,0.001
3589,1.006,1.001,-0.006
3590,0.999,1.002,0.003
3591,0.992,0.998,0.005
3592,1.002,0.999,-0.002
3593,1.012,1.001,-0.011
3594,1.004,1.004,0
3595,1.002,1.001,-0.001
3596,1.003,1,-0.003
3597,1.002,1.001,-0.001
3598,1,0.999,-0.001
3599,1.001,1.001,0
3600,1.003,1.002,-0.001
3601,1.001,1.002,0.001
3602,1.011,1.003,-0.008
3603,0.998,0.999,0.001
3604,0.999,1.004,0.006
3605,1.004,1,-0.004
3606,1,1.002,0.002
3607,1.005,1,-0.005
3608,0.993,0.998,0.004
3609,0.987,0.996,0.009
3610,1.003,1.003,0
3611,0.989,0.996,0.007
3612,1.008,1,-0.007
3613,0.999,1.001,0.003
3614,1.01,1.003,-0.007
3615,0.999,1.004,0.005
3616,1.003,0.999,-0.004
3617,0.995,1.003,0.008
3618,0.99,0.992,0.003
3619,1,1.002,0.002
3620,0.996,0.996,0
3621,1.008,1.002,-0.007
3622,1.001,1.003,0.002
3623,0.994,1,0.006
3624,0.994,0.999,0.005
3625,0.996,0.997,0.001
3626,0.999,1,0.001
3627,0.993,1,0.007
3628,1.011,0.998,-0.013
3629,0.988,0.998,0.01
3630,0.997,1.003,0.006
3631,1.008,1,-0.009
3632,1.013,1.005,-0.008
3633,1.004,1.004,-0.001
3634,1.01,1.004,-0.007
3635,0.999,1.004,0.004
3636,1,1.005,0.005
3637,1.007,1.004,-0.003
3638,1,0.999,-0.001
3639,0.993,0.996,0.003
3640,0.998,1,0.002
3641,1.003,1.003,0
3642,0.992,0.997,0.005
3643,0.99,0.999,0.009
3644,0.998,0.999,0.001
3645,1.012,1.003,-0.009
3646,1.004,1.001,-0.004
3647,1.001,1.007,0.007
3648,1.005,1.003,-0.002
3649,1.004,1.001,-0.002
3650,1.007,1.004,-0.004
3651,0.999,0.999,0
3652,1.004,1.001,-0.002
3653,1.004,1.001,-0.004
3654,0.999,1.001,0.002
3655,1.004,1.002,-0.002
3656,0.997,0.995,-0.002
3657,1.003,1.002,-0.001
3658,1,1.001,0.001
3659,1.003,1,-0.003
3660,1.004,1.002,-0.003
3661,1.001,1.002,0.001
3662,0.999,0.998,-0.001
3663,1,0.999,-0.001
3664,0.996,0.996,0
3665,0.997,0.998,0.001
3666,0.994,0.998,0.004
3667,0.989,1,0.011
3668,1.002,0.997,-0.005
3669,0.997,1,0.003
3670,0.999,1.001,0.002
3671,1.002,0.999,-0.003
3672,0.998,1.002,0.005
3673,1.002,1,-0.002
3674,1.006,1.002,-0.004
3675,0.999,1.003,0.004
3676,1,1.003,0.003
3677,1.022,1.004,-0.018
3678,0.991,0.994,0.004
3679,1.004,1.003,0
3680,1.004,1.003,0
3681,1.005,1.003,-0.002
3682,0.995,1.002,0.007
3683,0.988,0.994,0.006
3684,0.997,1,0.003
3685,0.995,0.996,0.001
3686,0.991,1,0.009
3687,0.994,0.998,0.004
3688,1.002,0.997,-0.005
3689,0.987,1,0.013
3690,0.999,0.993,-0.006
3691,0.987,0.99,0.003
3692,1.006,1.003,-0.003
3693,1.004,1.003,-0.001
3694,0.999,1,0.001
3695,1.005,1.002,-0.004
3696,1.002,1.003,0.001
3697,0.996,0.994,-0.002
3698,1.011,1.004,-0.006
3699,1.002,1.002,-0.001
3700,1,1.001,0.001
3701,1.001,1.002,0.002
3702,1.007,1.003,-0.003
3703,1.007,0.999,-0.008
3704,0.997,1.004,0.006
3705,0.974,0.993,0.019
3706,0.992,1.001,0.009
3707,1,1.003,0.003
3708,1,1.004,0.004
3709,1.021,1.004,-0.017
3710,1.017,1,-0.017
3711,1.006,1.002,-0.004
3712,1.002,1.003,0.001
3713,1,1,0
3714,1.007,1.003,-0.004
3715,0.993,1,0.007
3716,0.999,1.001,0.003
3717,1,1,0
3718,1.002,1.001,0
3719,1.004,1.003,-0.002
3720,0.996,0.995,0
3721,1.001,1,-0.001
3722,0.999,1.002,0.003
3723,0.999,1.001,0.003
3724,1.002,1.003,0.001
3725,1.001,1.002,0.001
3726,0.991,0.998,0.007
3727,1.012,1.003,-0.009
3728,1.003,1.002,-0.001
3729,1,1.003,0.003
3730,1,1,0
3731,1.006,1.004,-0.002
3732,0.996,0.997,0.001
3733,0.995,0.996,0.001
3734,0.996,1.001,0.005
3735,1,1.001,0.001
3736,1.008,1.001,-0.007
3737,1.001,1.004,0.003
3738,0.998,1,0.002
3739,1.001,0.999,-0.002
3740,1,1.002,0.002
3741,1.001,1.002,0.002
3742,1,1.001,0.001
3743,1,1.004,0.004
3744,0.996,0.994,-0.003
3745,0.999,1,0.002
3746,0.993,0.995,0.003
3747,1.001,1.001,0.001
3748,0.995,1.001,0.006
3749,0.999,0.999,-0.001
3750,1.001,0.999,-0.001
3751,0.999,0.995,-0.004
3752,0.993,1.001,0.008
3753,0.986,0.991,0.005
3754,0.996,1,0.005
3755,0.992,0.996,0.004
3756,0.998,1.002,0.004
3757,0.995,1.004,0.009
3758,1,0.995,-0.005
3759,1,1.004,0.004
3760,1,1.002,0.002
3761,1.021,1.002,-0.019
3762,1.005,1.002,-0.003
3763,1.008,1.004,-0.003
3764,0.995,1.002,0.008
3765,0.993,0.995,0.003
3766,0.998,1.001,0.003
3767,0.995,1,0.006
3768,1.006,0.997,-0.009
3769,0.995,1.002,0.007
3770,0.998,1.005,0.007
3771,1.005,0.995,-0.011
3772,1.002,1.001,-0.001
3773,1.002,0.994,-0.007
3774,0.995,1.004,0.009
3775,0.989,0.987,-0.003
3776,0.999,0.999,0
3777,1.004,1.005,0.002
3778,1.001,1.002,0.001
3779,1.004,1.002,-0.002
3780,0.999,1.001,0.002
3781,1.003,1.002,-0.001
3782,1.002,1.003,0.002
3783,1.007,1.002,-0.005
3784,0.995,0.998,0.004
3785,0.999,0.999,0.001
3786,1.003,1.002,-0.001
3787,1,1.001,0.001
3788,0.997,0.996,-0.001
3789,0.999,1.003,0.005
3790,1,1.001,0.001
3791,1.002,0.999,-0.002
3792,1.002,1.003,0
3793,1.008,1,-0.008
3794,1.001,1.002,0.002
3795,0.996,1,0.005
3796,0.993,1,0.007
3797,0.999,1.001,0.003
3798,1.003,0.998,-0.005
3799,1.006,0.998,-0.008
3800,1.003,1.004,0.001
3801,1.013,1.003,-0.01
3802,1.006,1.004,-0.002
3803,1.001,1.004,0.003
3804,0.991,0.993,0.001
3805,0.988,1.001,0.013
3806,0.986,0.998,0.013
3807,0.986,1.001,0.015
3808,0.992,0.989,-0.003
3809,1.016,0.997,-0.019
3810,0.997,1.006,0.009
3811,1.011,1.005,-0.006
3812,0.982,0.995,0.014
3813,0.999,1.004,0.005
3814,0.985,0.997,0.012
3815,0.981,0.993,0.012
3816,1.018,1.005,-0.013
3817,1.009,0.998,-0.011
3818,1.006,1,-0.007
3819,1.02,1.006,-0.014
3820,0.997,1.007,0.01
3821,0.995,1.003,0.008
3822,0.999,1.001,0.002
3823,1.013,1.003,-0.01
3824,1.009,1,-0.009
3825,1.003,1.008,0.005
3826,0.986,0.996,0.01
3827,0.994,1.003,0.009
3828,1.008,1.003,-0.005
3829,0.991,1.001,0.01
3830,1.005,0.999,-0.006
3831,1.005,1.002,-0.003
3832,0.996,1,0.004
3833,1.01,1.005,-0.005
3834,1.001,0.992,-0.008
3835,0.999,1.004,0.005
3836,1.008,1.002,-0.006
3837,1.005,0.998,-0.008
3838,1.004,1.003,-0.001
3839,0.996,0.994,-0.002
3840,1.002,1.003,0
3841,0.995,0.998,0.004
3842,1.003,1.001,-0.002
3843,1.01,1.004,-0.005
3844,1,1.001,0.001
3845,1.009,1.001,-0.008
3846,1.001,1.002,0.002
3847,1.003,1.002,0
3848,1,1.001,0.001
3849,0.997,1,0.003
3850,1.01,1.004,-0.006
3851,1.004,1.001,-0.003
3852,1,1.003,0.003
3853,0.997,0.998,0.001
3854,0.999,1.001,0.002
3855,0.999,1,0.001
3856,0.987,0.994,0.007
3857,0.988,1,0.013
3858,1.004,1,-0.004
3859,1.022,1.003,-0.019
3860,0.987,0.995,0.009
3861,0.99,1.001,0.01
3862,0.99,0.998,0.009
3863,0.992,0.997,0.006
3864,1.003,0.996,-0.007
3865,1.008,1.003,-0.006
3866,0.994,1.004,0.01
3867,0.989,0.995,0.007
3868,1.013,1.002,-0.011
3869,1.001,1.003,0.002
3870,0.998,0.996,-0.002
3871,1.004,1.003,-0.001
3872,1.002,1.002,0.001
3873,0.998,1.001,0.003
3874,0.996,1.002,0.006
3875,1.004,0.999,-0.005
3876,0.996,1,0.004
3877,0.99,0.995,0.005
3878,1.005,0.997,-0.008
3879,0.999,1.004,0.005
3880,0.991,0.999,0.008
3881,0.997,1,0.004
3882,1.003,1.002,-0.001
3883,0.994,1.001,0.007
3884,0.999,0.996,-0.003
3885,1.001,1,-0.001
3886,1.006,1.005,-0.001
3887,0.992,0.998,0.005
3888,0.995,0.999,0.004
3889,1.001,1.002,0.001
3890,1.012,0.999,-0.013
3891,0.999,1.003,0.004
3892,0.995,0.999,0.004
3893,0.999,0.999,0.001
3894,1.005,1.005,0.001
3895,1.003,1.002,-0.002
3896,0.997,1.001,0.004
3897,1.002,1.002,0
3898,1,0.994,-0.006
3899,1.006,1.003,-0.003
3900,1.003,1.003,0
3901,0.998,1.001,0.004
3902,0.999,1.002,0.003
3903,0.99,0.989,-0.001
3904,0.999,1.001,0.002
3905,1.002,0.998,-0.003
3906,0.993,0.995,0.002
3907,0.992,1,0.009
3908,0.991,0.993,0.002
3909,1.002,1.003,0.001
3910,0.995,1.002,0.008
3911,1.001,1,-0.001
3912,1,1.001,0.001
3913,1.001,0.998,-0.003
3914,1.007,1.002,-0.005
3915,0.995,0.994,-0.001
3916,1.002,1.001,-0.001
3917,1,1.004,0.004
3918,0.995,1.003,0.009
3919,1.001,1.002,0.002
3920,0.998,1,0.002
3921,1.03,1.003,-0.027
3922,1.004,0.996,-0.008
3923,1.009,1.001,-0.009
3924,1.002,1.003,0.001
3925,1.009,1.002,-0.007
3926,0.998,1,0.002
3927,0.996,1.002,0.007
3928,1,1.003,0.003
3929,1,1.004,0.004
3930,1,1.004,0.004
3931,1.004,0.995,-0.01
3932,1.004,0.999,-0.005
3933,0.999,1.005,0.006
3934,1,1,0
3935,1.002,1,-0.002
3936,1.002,1.002,0.001
3937,1.012,1.001,-0.011
3938,1,1.002,0.002
3939,1.007,1,-0.007
3940,0.994,1.003,0.009
3941,1.009,0.998,-0.01
3942,1,1.004,0.004
3943,1.004,0.997,-0.007
3944,1.011,1.004,-0.007
3945,0.999,1.002,0.003
3946,1,1.001,0.001
3947,0.999,1.002,0.003
3948,1.001,1.002,0
3949,1,1.003,0.003
3950,1.004,1.001,-0.003
3951,0.979,0.995,0.016
3952,1.007,1.001,-0.006
3953,1.002,1.004,0.001
3954,1.002,1.003,0.001
3955,1.005,1,-0.005
3956,1,1.003,0.003
3957,0.999,1,0.002
3958,0.999,1.001,0.002
3959,1.003,1.001,-0.002
3960,0.999,1,0.002
3961,0.996,1.001,0.005
3962,1,1.004,0.004
3963,1.006,1.004,-0.002
3964,1.007,0.998,-0.009
3965,1.005,1.002,-0.003
3966,1.002,1.001,-0.001
3967,0.997,1.001,0.004
3968,0.997,1.003,0.005
3969,0.999,0.988,-0.012
3970,1.003,1.004,0.001
3971,1.005,1.003,-0.002
3972,0.999,1.001,0.002
3973,1.008,1,-0.008
3974,1.007,1.004,-0.003
3975,1.007,1.004,-0.003
3976,1.006,1.002,-0.004
3977,0.999,1.001,0.002
3978,1.008,1.001,-0.008
3979,1,1.004,0.004
3980,1,1.001,0.001
3981,0.997,1,0.002
3982,1.003,1,-0.003
3983,1.003,1.001,-0.002
3984,0.995,0.999,0.004
3985,1.009,0.999,-0.01
3986,0.991,1.002,0.011
3987,0.985,0.997,0.012
3988,1.022,1.005,-0.016
3989,0.989,0.993,0.004
3990,0.997,1.002,0.005
3991,1.004,1.001,-0.003
3992,1.008,1,-0.008
3993,1.008,1.001,-0.007
3994,0.997,1.004,0.007
3995,0.997,0.998,0.002
3996,0.984,0.997,0.012
3997,0.979,0.992,0.013
3998,1.011,1.005,-0.006
3999,1.001,1.004,0.003
4000,1.008,1.002,-0.006
4001,1.008,0.999,-0.008
4002,0.996,1.003,0.008
4003,0.996,1,0.004
4004,1.012,1.002,-0.01
4005,1.001,1.004,0.003
4006,1.005,1.001,-0.004
4007,1.003,1.003,0
4008,1.008,1,-0.007
4009,0.982,1.002,0.02
4010,1.011,0.998,-0.013
4011,1.012,1.003,-0.008
4012,1.004,1.002,-0.002
4013,1.011,1.002,-0.01
4014,1.018,1.004,-0.014
4015,0.998,1.005,0.007
4016,1.006,1.001,-0.004
4017,0.988,0.999,0.011
4018,1.006,0.994,-0.012
4019,1.005,0.998,-0.008
4020,1.001,1.005,0.003
4021,0.987,1.001,0.014
4022,1.005,1,-0.006
4023,1.004,1.003,-0.001
4024,0.999,1.001,0.002
4025,0.999,1.001,0.001
4026,1.005,0.998,-0.007
4027,0.992,0.994,0.002
4028,1.003,1.004,0.001
4029,1.035,1.002,-0.033
4030,1.008,1.004,-0.004
4031,0.988,1.001,0.013
4032,1.013,1.002,-0.011
4033,0.994,0.994,0
4034,1.006,1,-0.007
4035,0.999,1.002,0.002
4036,1.001,1.001,0
4037,0.999,0.995,-0.004
4038,0.999,1.004,0.004
4039,1.001,1.001,0
4040,1.004,0.994,-0.01
4041,1.005,1.002,-0.003
4042,1.004,1.002,-0.002
4043,1.001,1.004,0.004
4044,1.006,1.002,-0.003
4045,0.997,1.001,0.005
4046,1.01,1,-0.009
4047,1.012,1.002,-0.01
4048,1.014,1.006,-0.008
4049,1.002,1.002,0
4050,0.975,0.988,0.013
4051,0.995,1,0.005
4052,1.004,0.996,-0.008
4053,0.999,1.004,0.005
4054,0.988,1.005,0.017
4055,0.98,0.985,0.005
4056,1.008,1.003,-0.005
4057,1.011,1.004,-0.007
4058,1.006,1.004,-0.002
4059,0.994,0.995,0.002
4060,1.001,1.002,0.001
4061,1.005,1.001,-0.004
4062,0.996,1.001,0.004
4063,0.998,1.002,0.004
4064,0.995,0.999,0.003
4065,1,1.001,0.001
4066,0.991,0.995,0.004
4067,1,1.003,0.003
4068,1.004,0.995,-0.009
4069,1,1.003,0.003
4070,1.006,1,-0.005
4071,1.009,1.003,-0.006
4072,0.997,1.002,0.005
4073,0.997,0.993,-0.004
4074,0.999,1.004,0.005
4075,1,0.998,-0.002
4076,0.996,1.002,0.006
4077,1.006,1.001,-0.005
4078,0.998,1.002,0.004
4079,1,0.996,-0.004
4080,1.002,1.002,-0.001
4081,1.004,1.002,-0.001
4082,0.994,1.001,0.008
4083,0.992,0.992,0.001
4084,0.992,0.998,0.006
4085,0.999,1.004,0.005
4086,0.995,1.002,0.007
4087,1.022,1.004,-0.019
4088,1,0.995,-0.005
4089,0.997,1.005,0.008
4090,1.006,1.001,-0.005
4091,1.001,1.001,0.001
4092,0.996,0.998,0.002
4093,0.998,0.999,0.001
4094,1.001,1.002,0.002
4095,1.006,1.002,-0.003
4096,0.993,1,0.008
4097,1.008,1.003,-0.005
4098,0.994,1,0.006
4099,0.995,0.996,0.001
4100,0.995,0.998,0.003
4101,0.993,1.001,0.008
4102,0.994,1.001,0.006
4103,1.007,1.003,-0.004
4104,0.987,0.989,0.002
4105,0.997,1.002,0.005
4106,0.996,0.994,-0.002
4107,1.003,1.004,0.002
4108,1.001,1.001,0
4109,1.003,0.999,-0.003
4110,1.003,1.001,-0.002
4111,0.999,1.003,0.003
4112,1.019,1.004,-0.015
4113,1.001,0.998,-0.004
4114,0.989,1.001,0.012
4115,0.998,1.002,0.004
4116,0.996,0.999,0.003
4117,1.006,0.999,-0.007
4118,1.016,1.004,-0.013
4119,0.994,1.004,0.009
4120,0.996,1.001,0.005
4121,0.994,0.998,0.004
4122,1.006,1,-0.006
4123,1.003,1.003,0
4124,0.996,1.004,0.007
4125,0.989,0.99,0.001
4126,0.996,1.004,0.007
4127,0.972,0.988,0.017
4128,0.993,1,0.007
4129,0.995,1.004,0.009
4130,0.992,0.995,0.003
4131,0.995,1.003,0.009
4132,1.001,0.999,-0.002
4133,1.003,1,-0.003
4134,1.008,1.002,-0.006
4135,0.991,1.001,0.01
4136,1.002,0.999,-0.003
4137,1.013,1.002,-0.012
4138,1.011,1.003,-0.008
4139,1.001,1.004,0.003
4140,0.997,1.001,0.004
4141,0.979,0.997,0.018
4142,0.995,0.993,-0.003
4143,1.008,1.002,-0.006
4144,0.998,1.001,0.003
4145,1.001,1,-0.002
4146,1.007,1.003,-0.004
4147,0.989,1.001,0.013
4148,0.996,0.997,0.001
4149,1.003,1.001,-0.002
4150,0.99,1,0.01
4151,0.995,0.999,0.004
4152,0.993,0.999,0.006
4153,1.004,0.998,-0.006
4154,1.027,1.003,-0.024
4155,0.972,0.995,0.024
4156,0.992,1.002,0.01
4157,0.992,0.999,0.007
4158,1,1.002,0.002
4159,0.999,1.004,0.005
4160,1.001,0.995,-0.006
4161,1.013,0.999,-0.013
4162,0.983,0.998,0.015
4163,1.022,1.004,-0.018
4164,1.008,1.004,-0.004
4165,1.01,1.003,-0.007
4166,0.996,1.003,0.007
4167,0.999,1.001,0.002
4168,1.023,1.002,-0.021
4169,1.003,1.006,0.003
4170,0.996,1.001,0.005
4171,1.001,1,-0.001
4172,1.002,1.005,0.003
4173,1.001,1.001,0
4174,1.005,1.002,-0.004
4175,0.99,1.001,0.011
4176,0.999,0.997,-0.002
4177,1.002,1.003,0.001
4178,1.001,1.003,0.002
4179,1.003,1.002,-0.001
4180,1.005,1.004,-0.001
4181,0.999,0.999,0
4182,0.998,1.003,0.005
4183,1,1.002,0.002
4184,1.009,1.004,-0.005
4185,0.996,0.999,0.003
4186,0.999,1,0.001
4187,1.011,1.001,-0.01
4188,1.011,1.003,-0.008
4189,1.003,1.003,0
4190,1.005,1.001,-0.005
4191,0.995,1,0.005
4192,1.005,1,-0.005
4193,0.995,0.998,0.003
4194,1.001,1.002,0
4195,0.999,1.002,0.003
4196,0.989,0.996,0.007
4197,1.006,1,-0.006
4198,1.004,1.001,-0.003
4199,1,1.002,0.002
4200,1.003,1.003,0
4201,0.997,1.001,0.004
4202,1.003,1.001,-0.002
4203,1.015,1,-0.016
4204,1.004,1.002,-0.002
4205,1.001,1.003,0.002
4206,1.002,1.002,0
4207,0.998,0.997,-0.001
4208,1.001,1.004,0.003
4209,1,0.998,-0.002
4210,0.994,1,0.005
4211,0.989,0.997,0.008
4212,0.992,0.996,0.004
4213,0.989,0.994,0.006
4214,1.012,1.005,-0.007
4215,1.019,1.003,-0.015
4216,0.999,1.004,0.005
4217,1.009,1.003,-0.006
4218,1.004,1.003,-0.002
4219,1,1.003,0.003
4220,1,1,0
4221,1.002,0.999,-0.003
4222,1.004,1,-0.004
4223,1.004,0.999,-0.005
4224,1.001,1.002,0.001
4225,1.007,1,-0.008
4226,1,1.002,0.002
4227,1.001,0.999,-0.002
4228,1,1.002,0.002
4229,1.003,1.001,-0.002
4230,1.001,0.998,-0.003
4231,0.999,1.002,0.002
4232,1.002,0.997,-0.006
4233,0.996,1,0.004
4234,1.001,0.996,-0.004
4235,0.998,1.003,0.005
4236,0.996,1,0.005
4237,1,1.004,0.004
4238,0.996,1.004,0.008
4239,0.984,0.989,0.005
4240,0.996,1,0.003
4241,1.004,1.003,-0.001
4242,1.001,1.001,0
4243,1.007,0.998,-0.009
4244,1.014,1.006,-0.008
4245,1.002,1.003,0.001
4246,0.999,1.001,0.002
4247,1,1.001,0.001
4248,1.004,1.003,0
4249,0.993,0.996,0.003
4250,1.002,1.005,0.002
4251,?,0.997,?